Time,Close
2023-06-01 00:00:00-07:00,4199.5
2023-06-01 00:15:00-07:00,4199.25
2023-06-01 00:30:00-07:00,4197.25
2023-06-01 00:45:00-07:00,4196.0
2023-06-01 01:00:00-07:00,4194.0
2023-06-01 01:15:00-07:00,4195.25
2023-06-01 01:30:00-07:00,4197.75
2023-06-01 01:45:00-07:00,4200.0
2023-06-01 02:00:00-07:00,4198.5
2023-06-01 02:15:00-07:00,4197.75
2023-06-01 02:30:00-07:00,4199.0
2023-06-01 02:45:00-07:00,4199.5
2023-06-01 03:00:00-07:00,4199.75
2023-06-01 03:15:00-07:00,4201.75
2023-06-01 03:30:00-07:00,4201.25
2023-06-01 03:45:00-07:00,4198.0
2023-06-01 04:00:00-07:00,4202.5
2023-06-01 04:15:00-07:00,4198.5
2023-06-01 04:30:00-07:00,4199.0
2023-06-01 04:45:00-07:00,4197.0
2023-06-01 05:00:00-07:00,4194.0
2023-06-01 05:15:00-07:00,4192.25
2023-06-01 05:30:00-07:00,4191.0
2023-06-01 05:45:00-07:00,4190.75
2023-06-01 06:00:00-07:00,4192.0
2023-06-01 06:15:00-07:00,4191.25
2023-06-01 06:30:00-07:00,4183.25
2023-06-01 06:45:00-07:00,4182.0
2023-06-01 07:00:00-07:00,4195.5
2023-06-01 07:15:00-07:00,4190.0
2023-06-01 07:30:00-07:00,4202.0
2023-06-01 07:45:00-07:00,4204.0
2023-06-01 08:00:00-07:00,4208.25
2023-06-01 08:15:00-07:00,4211.75
2023-06-01 08:30:00-07:00,4215.75
2023-06-01 08:45:00-07:00,4220.75
2023-06-01 09:00:00-07:00,4223.25
2023-06-01 09:15:00-07:00,4227.75
2023-06-01 09:30:00-07:00,4225.25
2023-06-01 09:45:00-07:00,4227.25
2023-06-01 10:00:00-07:00,4227.75
2023-06-01 10:15:00-07:00,4225.25
2023-06-01 10:30:00-07:00,4226.25
2023-06-01 10:45:00-07:00,4231.25
2023-06-01 11:00:00-07:00,4230.5
2023-06-01 11:15:00-07:00,4230.75
2023-06-01 11:30:00-07:00,4230.25
2023-06-01 11:45:00-07:00,4234.75
2023-06-01 12:00:00-07:00,4239.0
2023-06-01 12:15:00-07:00,4229.25
2023-06-01 12:30:00-07:00,4223.0
2023-06-01 12:45:00-07:00,4228.75
2023-06-01 13:00:00-07:00,4231.5
2023-06-01 13:15:00-07:00,4230.75
2023-06-01 13:30:00-07:00,4232.0
2023-06-01 13:45:00-07:00,4231.75
2023-06-01 14:00:00-07:00,4231.75
2023-06-01 14:15:00-07:00,4231.75
2023-06-01 14:30:00-07:00,4231.75
2023-06-01 14:45:00-07:00,4231.75
2023-06-01 15:00:00-07:00,4231.75
2023-06-01 15:15:00-07:00,4231.5
2023-06-01 15:30:00-07:00,4231.5
2023-06-01 15:45:00-07:00,4232.25
2023-06-01 16:00:00-07:00,4231.5
2023-06-01 16:15:00-07:00,4231.25
2023-06-01 16:30:00-07:00,4231.25
2023-06-01 16:45:00-07:00,4230.25
2023-06-01 17:00:00-07:00,4230.0
2023-06-01 17:15:00-07:00,4230.5
2023-06-01 17:30:00-07:00,4229.75
2023-06-01 17:45:00-07:00,4229.5
2023-06-01 18:00:00-07:00,4229.75
2023-06-01 18:15:00-07:00,4229.75
2023-06-01 18:30:00-07:00,4230.25
2023-06-01 18:45:00-07:00,4230.5
2023-06-01 19:00:00-07:00,4231.0
2023-06-01 19:15:00-07:00,4232.5
2023-06-01 19:30:00-07:00,4231.5
2023-06-01 19:45:00-07:00,4231.25
2023-06-01 20:00:00-07:00,4231.5
2023-06-01 20:15:00-07:00,4233.5
2023-06-01 20:30:00-07:00,4234.25
2023-06-01 20:45:00-07:00,4235.25
2023-06-01 21:00:00-07:00,4235.25
2023-06-01 21:15:00-07:00,4236.25
2023-06-01 21:30:00-07:00,4235.75
2023-06-01 21:45:00-07:00,4235.75
2023-06-01 22:00:00-07:00,4236.5
2023-06-01 22:15:00-07:00,4236.25
2023-06-01 22:30:00-07:00,4237.5
2023-06-01 22:45:00-07:00,4236.75
2023-06-01 23:00:00-07:00,4236.75
2023-06-01 23:15:00-07:00,4238.25
2023-06-01 23:30:00-07:00,4239.0
2023-06-01 23:45:00-07:00,4239.5
2023-06-02 00:00:00-07:00,4237.25
2023-06-02 00:15:00-07:00,4238.25
2023-06-02 00:30:00-07:00,4240.75
2023-06-02 00:45:00-07:00,4242.5
2023-06-02 01:00:00-07:00,4242.75
2023-06-02 01:15:00-07:00,4242.5
2023-06-02 01:30:00-07:00,4243.5
2023-06-02 01:45:00-07:00,4245.25
2023-06-02 02:00:00-07:00,4248.0
2023-06-02 02:15:00-07:00,4250.0
2023-06-02 02:30:00-07:00,4247.0
2023-06-02 02:45:00-07:00,4247.5
2023-06-02 03:00:00-07:00,4248.75
2023-06-02 03:15:00-07:00,4249.25
2023-06-02 03:30:00-07:00,4249.5
2023-06-02 03:45:00-07:00,4248.75
2023-06-02 04:00:00-07:00,4250.75
2023-06-02 04:15:00-07:00,4251.25
2023-06-02 04:30:00-07:00,4247.5
2023-06-02 04:45:00-07:00,4247.5
2023-06-02 05:00:00-07:00,4246.5
2023-06-02 05:15:00-07:00,4246.0
2023-06-02 05:30:00-07:00,4250.75
2023-06-02 05:45:00-07:00,4248.75
2023-06-02 06:00:00-07:00,4253.0
2023-06-02 06:15:00-07:00,4254.75
2023-06-02 06:30:00-07:00,4270.25
2023-06-02 06:45:00-07:00,4253.5
2023-06-02 07:00:00-07:00,4266.25
2023-06-02 07:15:00-07:00,4265.0
2023-06-02 07:30:00-07:00,4272.25
2023-06-02 07:45:00-07:00,4278.5
2023-06-02 08:00:00-07:00,4282.0
2023-06-02 08:15:00-07:00,4285.5
2023-06-02 08:30:00-07:00,4282.75
2023-06-02 08:45:00-07:00,4284.25
2023-06-02 09:00:00-07:00,4281.75
2023-06-02 09:15:00-07:00,4284.5
2023-06-02 09:30:00-07:00,4286.75
2023-06-02 09:45:00-07:00,4290.5
2023-06-02 10:00:00-07:00,4288.5
2023-06-02 10:15:00-07:00,4293.0
2023-06-02 10:30:00-07:00,4289.0
2023-06-02 10:45:00-07:00,4291.5
2023-06-02 11:00:00-07:00,4285.5
2023-06-02 11:15:00-07:00,4289.25
2023-06-02 11:30:00-07:00,4292.75
2023-06-02 11:45:00-07:00,4293.5
2023-06-02 12:00:00-07:00,4294.75
2023-06-02 12:15:00-07:00,4291.25
2023-06-02 12:30:00-07:00,4291.0
2023-06-02 12:45:00-07:00,4289.25
2023-06-02 13:00:00-07:00,4288.75
2023-06-02 13:15:00-07:00,4288.75
2023-06-02 13:30:00-07:00,4287.5
2023-06-02 13:45:00-07:00,4288.75
2023-06-02 14:00:00-07:00,4288.75
2023-06-02 14:15:00-07:00,4288.75
2023-06-02 14:30:00-07:00,4288.75
2023-06-02 14:45:00-07:00,4288.75
2023-06-02 15:00:00-07:00,4288.75
2023-06-02 15:15:00-07:00,4288.75
2023-06-02 15:30:00-07:00,4288.75
2023-06-02 15:45:00-07:00,4288.75
2023-06-02 16:00:00-07:00,4288.75
2023-06-02 16:15:00-07:00,4288.75
2023-06-02 16:30:00-07:00,4288.75
2023-06-02 16:45:00-07:00,4288.75
2023-06-02 17:00:00-07:00,4288.75
2023-06-02 17:15:00-07:00,4288.75
2023-06-02 17:30:00-07:00,4288.75
2023-06-02 17:45:00-07:00,4288.75
2023-06-02 18:00:00-07:00,4288.75
2023-06-02 18:15:00-07:00,4288.75
2023-06-02 18:30:00-07:00,4288.75
2023-06-02 18:45:00-07:00,4288.75
2023-06-02 19:00:00-07:00,4288.75
2023-06-02 19:15:00-07:00,4288.75
2023-06-02 19:30:00-07:00,4288.75
2023-06-02 19:45:00-07:00,4288.75
2023-06-02 20:00:00-07:00,4288.75
2023-06-02 20:15:00-07:00,4288.75
2023-06-02 20:30:00-07:00,4288.75
2023-06-02 20:45:00-07:00,4288.75
2023-06-02 21:00:00-07:00,4288.75
2023-06-02 21:15:00-07:00,4288.75
2023-06-02 21:30:00-07:00,4288.75
2023-06-02 21:45:00-07:00,4288.75
2023-06-02 22:00:00-07:00,4288.75
2023-06-02 22:15:00-07:00,4288.75
2023-06-02 22:30:00-07:00,4288.75
2023-06-02 22:45:00-07:00,4288.75
2023-06-02 23:00:00-07:00,4288.75
2023-06-02 23:15:00-07:00,4288.75
2023-06-02 23:30:00-07:00,4288.75
2023-06-02 23:45:00-07:00,4288.75
2023-06-03 00:00:00-07:00,4288.75
2023-06-03 00:15:00-07:00,4288.75
2023-06-03 00:30:00-07:00,4288.75
2023-06-03 00:45:00-07:00,4288.75
2023-06-03 01:00:00-07:00,4288.75
2023-06-03 01:15:00-07:00,4288.75
2023-06-03 01:30:00-07:00,4288.75
2023-06-03 01:45:00-07:00,4288.75
2023-06-03 02:00:00-07:00,4288.75
2023-06-03 02:15:00-07:00,4288.75
2023-06-03 02:30:00-07:00,4288.75
2023-06-03 02:45:00-07:00,4288.75
2023-06-03 03:00:00-07:00,4288.75
2023-06-03 03:15:00-07:00,4288.75
2023-06-03 03:30:00-07:00,4288.75
2023-06-03 03:45:00-07:00,4288.75
2023-06-03 04:00:00-07:00,4288.75
2023-06-03 04:15:00-07:00,4288.75
2023-06-03 04:30:00-07:00,4288.75
2023-06-03 04:45:00-07:00,4288.75
2023-06-03 05:00:00-07:00,4288.75
2023-06-03 05:15:00-07:00,4288.75
2023-06-03 05:30:00-07:00,4288.75
2023-06-03 05:45:00-07:00,4288.75
2023-06-03 06:00:00-07:00,4288.75
2023-06-03 06:15:00-07:00,4288.75
2023-06-03 06:30:00-07:00,4288.75
2023-06-03 06:45:00-07:00,4288.75
2023-06-03 07:00:00-07:00,4288.75
2023-06-03 07:15:00-07:00,4288.75
2023-06-03 07:30:00-07:00,4288.75
2023-06-03 07:45:00-07:00,4288.75
2023-06-03 08:00:00-07:00,4288.75
2023-06-03 08:15:00-07:00,4288.75
2023-06-03 08:30:00-07:00,4288.75
2023-06-03 08:45:00-07:00,4288.75
2023-06-03 09:00:00-07:00,4288.75
2023-06-03 09:15:00-07:00,4288.75
2023-06-03 09:30:00-07:00,4288.75
2023-06-03 09:45:00-07:00,4288.75
2023-06-03 10:00:00-07:00,4288.75
2023-06-03 10:15:00-07:00,4288.75
2023-06-03 10:30:00-07:00,4288.75
2023-06-03 10:45:00-07:00,4288.75
2023-06-03 11:00:00-07:00,4288.75
2023-06-03 11:15:00-07:00,4288.75
2023-06-03 11:30:00-07:00,4288.75
2023-06-03 11:45:00-07:00,4288.75
2023-06-03 12:00:00-07:00,4288.75
2023-06-03 12:15:00-07:00,4288.75
2023-06-03 12:30:00-07:00,4288.75
2023-06-03 12:45:00-07:00,4288.75
2023-06-03 13:00:00-07:00,4288.75
2023-06-03 13:15:00-07:00,4288.75
2023-06-03 13:30:00-07:00,4288.75
2023-06-03 13:45:00-07:00,4288.75
2023-06-03 14:00:00-07:00,4288.75
2023-06-03 14:15:00-07:00,4288.75
2023-06-03 14:30:00-07:00,4288.75
2023-06-03 14:45:00-07:00,4288.75
2023-06-03 15:00:00-07:00,4288.75
2023-06-03 15:15:00-07:00,4288.75
2023-06-03 15:30:00-07:00,4288.75
2023-06-03 15:45:00-07:00,4288.75
2023-06-03 16:00:00-07:00,4288.75
2023-06-03 16:15:00-07:00,4288.75
2023-06-03 16:30:00-07:00,4288.75
2023-06-03 16:45:00-07:00,4288.75
2023-06-03 17:00:00-07:00,4288.75
2023-06-03 17:15:00-07:00,4288.75
2023-06-03 17:30:00-07:00,4288.75
2023-06-03 17:45:00-07:00,4288.75
2023-06-03 18:00:00-07:00,4288.75
2023-06-03 18:15:00-07:00,4288.75
2023-06-03 18:30:00-07:00,4288.75
2023-06-03 18:45:00-07:00,4288.75
2023-06-03 19:00:00-07:00,4288.75
2023-06-03 19:15:00-07:00,4288.75
2023-06-03 19:30:00-07:00,4288.75
2023-06-03 19:45:00-07:00,4288.75
2023-06-03 20:00:00-07:00,4288.75
2023-06-03 20:15:00-07:00,4288.75
2023-06-03 20:30:00-07:00,4288.75
2023-06-03 20:45:00-07:00,4288.75
2023-06-03 21:00:00-07:00,4288.75
2023-06-03 21:15:00-07:00,4288.75
2023-06-03 21:30:00-07:00,4288.75
2023-06-03 21:45:00-07:00,4288.75
2023-06-03 22:00:00-07:00,4288.75
2023-06-03 22:15:00-07:00,4288.75
2023-06-03 22:30:00-07:00,4288.75
2023-06-03 22:45:00-07:00,4288.75
2023-06-03 23:00:00-07:00,4288.75
2023-06-03 23:15:00-07:00,4288.75
2023-06-03 23:30:00-07:00,4288.75
2023-06-03 23:45:00-07:00,4288.75
2023-06-04 00:00:00-07:00,4288.75
2023-06-04 00:15:00-07:00,4288.75
2023-06-04 00:30:00-07:00,4288.75
2023-06-04 00:45:00-07:00,4288.75
2023-06-04 01:00:00-07:00,4288.75
2023-06-04 01:15:00-07:00,4288.75
2023-06-04 01:30:00-07:00,4288.75
2023-06-04 01:45:00-07:00,4288.75
2023-06-04 02:00:00-07:00,4288.75
2023-06-04 02:15:00-07:00,4288.75
2023-06-04 02:30:00-07:00,4288.75
2023-06-04 02:45:00-07:00,4288.75
2023-06-04 03:00:00-07:00,4288.75
2023-06-04 03:15:00-07:00,4288.75
2023-06-04 03:30:00-07:00,4288.75
2023-06-04 03:45:00-07:00,4288.75
2023-06-04 04:00:00-07:00,4288.75
2023-06-04 04:15:00-07:00,4288.75
2023-06-04 04:30:00-07:00,4288.75
2023-06-04 04:45:00-07:00,4288.75
2023-06-04 05:00:00-07:00,4288.75
2023-06-04 05:15:00-07:00,4288.75
2023-06-04 05:30:00-07:00,4288.75
2023-06-04 05:45:00-07:00,4288.75
2023-06-04 06:00:00-07:00,4288.75
2023-06-04 06:15:00-07:00,4288.75
2023-06-04 06:30:00-07:00,4288.75
2023-06-04 06:45:00-07:00,4288.75
2023-06-04 07:00:00-07:00,4288.75
2023-06-04 07:15:00-07:00,4288.75
2023-06-04 07:30:00-07:00,4288.75
2023-06-04 07:45:00-07:00,4288.75
2023-06-04 08:00:00-07:00,4288.75
2023-06-04 08:15:00-07:00,4288.75
2023-06-04 08:30:00-07:00,4288.75
2023-06-04 08:45:00-07:00,4288.75
2023-06-04 09:00:00-07:00,4288.75
2023-06-04 09:15:00-07:00,4288.75
2023-06-04 09:30:00-07:00,4288.75
2023-06-04 09:45:00-07:00,4288.75
2023-06-04 10:00:00-07:00,4288.75
2023-06-04 10:15:00-07:00,4288.75
2023-06-04 10:30:00-07:00,4288.75
2023-06-04 10:45:00-07:00,4288.75
2023-06-04 11:00:00-07:00,4288.75
2023-06-04 11:15:00-07:00,4288.75
2023-06-04 11:30:00-07:00,4288.75
2023-06-04 11:45:00-07:00,4288.75
2023-06-04 12:00:00-07:00,4288.75
2023-06-04 12:15:00-07:00,4288.75
2023-06-04 12:30:00-07:00,4288.75
2023-06-04 12:45:00-07:00,4288.75
2023-06-04 13:00:00-07:00,4288.75
2023-06-04 13:15:00-07:00,4288.75
2023-06-04 13:30:00-07:00,4288.75
2023-06-04 13:45:00-07:00,4288.75
2023-06-04 14:00:00-07:00,4288.75
2023-06-04 14:15:00-07:00,4288.75
2023-06-04 14:30:00-07:00,4288.75
2023-06-04 14:45:00-07:00,4288.75
2023-06-04 15:00:00-07:00,4287.0
2023-06-04 15:15:00-07:00,4292.75
2023-06-04 15:30:00-07:00,4291.75
2023-06-04 15:45:00-07:00,4292.0
2023-06-04 16:00:00-07:00,4287.75
2023-06-04 16:15:00-07:00,4286.0
2023-06-04 16:30:00-07:00,4286.0
2023-06-04 16:45:00-07:00,4284.75
2023-06-04 17:00:00-07:00,4283.5
2023-06-04 17:15:00-07:00,4284.25
2023-06-04 17:30:00-07:00,4285.5
2023-06-04 17:45:00-07:00,4284.25
2023-06-04 18:00:00-07:00,4286.5
2023-06-04 18:15:00-07:00,4283.75
2023-06-04 18:30:00-07:00,4283.25
2023-06-04 18:45:00-07:00,4284.5
2023-06-04 19:00:00-07:00,4283.75
2023-06-04 19:15:00-07:00,4284.5
2023-06-04 19:30:00-07:00,4284.75
2023-06-04 19:45:00-07:00,4285.25
2023-06-04 20:00:00-07:00,4286.25
2023-06-04 20:15:00-07:00,4286.25
2023-06-04 20:30:00-07:00,4285.0
2023-06-04 20:45:00-07:00,4283.75
2023-06-04 21:00:00-07:00,4283.25
2023-06-04 21:15:00-07:00,4282.25
2023-06-04 21:30:00-07:00,4282.0
2023-06-04 21:45:00-07:00,4283.5
2023-06-04 22:00:00-07:00,4284.0
2023-06-04 22:15:00-07:00,4283.0
2023-06-04 22:30:00-07:00,4285.5
2023-06-04 22:45:00-07:00,4285.5
2023-06-04 23:00:00-07:00,4286.25
2023-06-04 23:15:00-07:00,4286.25
2023-06-04 23:30:00-07:00,4286.25
2023-06-04 23:45:00-07:00,4287.25
2023-06-05 00:00:00-07:00,4286.75
2023-06-05 00:15:00-07:00,4289.5
2023-06-05 00:30:00-07:00,4290.25
2023-06-05 00:45:00-07:00,4289.5
2023-06-05 01:00:00-07:00,4287.5
2023-06-05 01:15:00-07:00,4288.5
2023-06-05 01:30:00-07:00,4288.5
2023-06-05 01:45:00-07:00,4288.0
2023-06-05 02:00:00-07:00,4288.0
2023-06-05 02:15:00-07:00,4288.5
2023-06-05 02:30:00-07:00,4287.75
2023-06-05 02:45:00-07:00,4287.75
2023-06-05 03:00:00-07:00,4286.75
2023-06-05 03:15:00-07:00,4288.0
2023-06-05 03:30:00-07:00,4289.25
2023-06-05 03:45:00-07:00,4290.75
2023-06-05 04:00:00-07:00,4291.75
2023-06-05 04:15:00-07:00,4289.75
2023-06-05 04:30:00-07:00,4289.0
2023-06-05 04:45:00-07:00,4289.25
2023-06-05 05:00:00-07:00,4288.75
2023-06-05 05:15:00-07:00,4289.0
2023-06-05 05:30:00-07:00,4291.0
2023-06-05 05:45:00-07:00,4288.75
2023-06-05 06:00:00-07:00,4290.5
2023-06-05 06:15:00-07:00,4291.75
2023-06-05 06:30:00-07:00,4299.75
2023-06-05 06:45:00-07:00,4292.25
2023-06-05 07:00:00-07:00,4288.75
2023-06-05 07:15:00-07:00,4288.25
2023-06-05 07:30:00-07:00,4294.0
2023-06-05 07:45:00-07:00,4295.25
2023-06-05 08:00:00-07:00,4295.5
2023-06-05 08:15:00-07:00,4298.25
2023-06-05 08:30:00-07:00,4298.75
2023-06-05 08:45:00-07:00,4299.0
2023-06-05 09:00:00-07:00,4303.0
2023-06-05 09:15:00-07:00,4302.25
2023-06-05 09:30:00-07:00,4302.5
2023-06-05 09:45:00-07:00,4305.0
2023-06-05 10:00:00-07:00,4302.25
2023-06-05 10:15:00-07:00,4294.75
2023-06-05 10:30:00-07:00,4291.5
2023-06-05 10:45:00-07:00,4294.5
2023-06-05 11:00:00-07:00,4288.75
2023-06-05 11:15:00-07:00,4289.25
2023-06-05 11:30:00-07:00,4279.75
2023-06-05 11:45:00-07:00,4286.0
2023-06-05 12:00:00-07:00,4282.0
2023-06-05 12:15:00-07:00,4281.25
2023-06-05 12:30:00-07:00,4283.75
2023-06-05 12:45:00-07:00,4280.5
2023-06-05 13:00:00-07:00,4281.5
2023-06-05 13:15:00-07:00,4281.75
2023-06-05 13:30:00-07:00,4282.75
2023-06-05 13:45:00-07:00,4280.25
2023-06-05 14:00:00-07:00,4280.25
2023-06-05 14:15:00-07:00,4280.25
2023-06-05 14:30:00-07:00,4280.25
2023-06-05 14:45:00-07:00,4280.25
2023-06-05 15:00:00-07:00,4277.75
2023-06-05 15:15:00-07:00,4277.5
2023-06-05 15:30:00-07:00,4276.25
2023-06-05 15:45:00-07:00,4275.5
2023-06-05 16:00:00-07:00,4276.75
2023-06-05 16:15:00-07:00,4277.0
2023-06-05 16:30:00-07:00,4274.5
2023-06-05 16:45:00-07:00,4275.75
2023-06-05 17:00:00-07:00,4275.0
2023-06-05 17:15:00-07:00,4276.0
2023-06-05 17:30:00-07:00,4278.0
2023-06-05 17:45:00-07:00,4278.5
2023-06-05 18:00:00-07:00,4281.0
2023-06-05 18:15:00-07:00,4280.5
2023-06-05 18:30:00-07:00,4279.5
2023-06-05 18:45:00-07:00,4281.5
2023-06-05 19:00:00-07:00,4282.75
2023-06-05 19:15:00-07:00,4282.75
2023-06-05 19:30:00-07:00,4282.0
2023-06-05 19:45:00-07:00,4281.5
2023-06-05 20:00:00-07:00,4281.5
2023-06-05 20:15:00-07:00,4282.25
2023-06-05 20:30:00-07:00,4280.25
2023-06-05 20:45:00-07:00,4281.5
2023-06-05 21:00:00-07:00,4281.75
2023-06-05 21:15:00-07:00,4282.75
2023-06-05 21:30:00-07:00,4283.75
2023-06-05 21:45:00-07:00,4282.0
2023-06-05 22:00:00-07:00,4284.0
2023-06-05 22:15:00-07:00,4282.75
2023-06-05 22:30:00-07:00,4282.5
2023-06-05 22:45:00-07:00,4279.75
2023-06-05 23:00:00-07:00,4279.25
2023-06-05 23:15:00-07:00,4280.5
2023-06-05 23:30:00-07:00,4278.0
2023-06-05 23:45:00-07:00,4276.0
2023-06-06 00:00:00-07:00,4279.5
2023-06-06 00:15:00-07:00,4282.75
2023-06-06 00:30:00-07:00,4281.25
2023-06-06 00:45:00-07:00,4282.0
2023-06-06 01:00:00-07:00,4280.75
2023-06-06 01:15:00-07:00,4278.75
2023-06-06 01:30:00-07:00,4278.5
2023-06-06 01:45:00-07:00,4276.25
2023-06-06 02:00:00-07:00,4276.0
2023-06-06 02:15:00-07:00,4276.25
2023-06-06 02:30:00-07:00,4277.75
2023-06-06 02:45:00-07:00,4276.75
2023-06-06 03:00:00-07:00,4276.75
2023-06-06 03:15:00-07:00,4276.0
2023-06-06 03:30:00-07:00,4276.75
2023-06-06 03:45:00-07:00,4277.5
2023-06-06 04:00:00-07:00,4277.25
2023-06-06 04:15:00-07:00,4278.75
2023-06-06 04:30:00-07:00,4279.25
2023-06-06 04:45:00-07:00,4278.25
2023-06-06 05:00:00-07:00,4276.25
2023-06-06 05:15:00-07:00,4275.75
2023-06-06 05:30:00-07:00,4277.5
2023-06-06 05:45:00-07:00,4277.5
2023-06-06 06:00:00-07:00,4279.25
2023-06-06 06:15:00-07:00,4275.25
2023-06-06 06:30:00-07:00,4273.25
2023-06-06 06:45:00-07:00,4274.5
2023-06-06 07:00:00-07:00,4281.0
2023-06-06 07:15:00-07:00,4283.0
2023-06-06 07:30:00-07:00,4285.25
2023-06-06 07:45:00-07:00,4289.75
2023-06-06 08:00:00-07:00,4287.0
2023-06-06 08:15:00-07:00,4283.5
2023-06-06 08:30:00-07:00,4286.5
2023-06-06 08:45:00-07:00,4290.25
2023-06-06 09:00:00-07:00,4286.0
2023-06-06 09:15:00-07:00,4285.25
2023-06-06 09:30:00-07:00,4281.75
2023-06-06 09:45:00-07:00,4278.0
2023-06-06 10:00:00-07:00,4285.75
2023-06-06 10:15:00-07:00,4281.25
2023-06-06 10:30:00-07:00,4279.5
2023-06-06 10:45:00-07:00,4277.25
2023-06-06 11:00:00-07:00,4280.5
2023-06-06 11:15:00-07:00,4283.0
2023-06-06 11:30:00-07:00,4284.0
2023-06-06 11:45:00-07:00,4286.0
2023-06-06 12:00:00-07:00,4286.5
2023-06-06 12:15:00-07:00,4290.0
2023-06-06 12:30:00-07:00,4289.25
2023-06-06 12:45:00-07:00,4289.75
2023-06-06 13:00:00-07:00,4292.0
2023-06-06 13:15:00-07:00,4291.75
2023-06-06 13:30:00-07:00,4291.75
2023-06-06 13:45:00-07:00,4292.25
2023-06-06 14:00:00-07:00,4292.25
2023-06-06 14:15:00-07:00,4292.25
2023-06-06 14:30:00-07:00,4292.25
2023-06-06 14:45:00-07:00,4292.25
2023-06-06 15:00:00-07:00,4291.0
2023-06-06 15:15:00-07:00,4288.5
2023-06-06 15:30:00-07:00,4290.25
2023-06-06 15:45:00-07:00,4289.75
2023-06-06 16:00:00-07:00,4292.75
2023-06-06 16:15:00-07:00,4293.0
2023-06-06 16:30:00-07:00,4293.0
2023-06-06 16:45:00-07:00,4293.5
2023-06-06 17:00:00-07:00,4293.5
2023-06-06 17:15:00-07:00,4292.75
2023-06-06 17:30:00-07:00,4295.0
2023-06-06 17:45:00-07:00,4292.75
2023-06-06 18:00:00-07:00,4291.25
2023-06-06 18:15:00-07:00,4291.5
2023-06-06 18:30:00-07:00,4291.5
2023-06-06 18:45:00-07:00,4290.75
2023-06-06 19:00:00-07:00,4289.5
2023-06-06 19:15:00-07:00,4291.0
2023-06-06 19:30:00-07:00,4291.5
2023-06-06 19:45:00-07:00,4291.25
2023-06-06 20:00:00-07:00,4291.5
2023-06-06 20:15:00-07:00,4292.0
2023-06-06 20:30:00-07:00,4293.5
2023-06-06 20:45:00-07:00,4294.0
2023-06-06 21:00:00-07:00,4294.0
2023-06-06 21:15:00-07:00,4293.75
2023-06-06 21:30:00-07:00,4293.5
2023-06-06 21:45:00-07:00,4293.25
2023-06-06 22:00:00-07:00,4293.5
2023-06-06 22:15:00-07:00,4292.0
2023-06-06 22:30:00-07:00,4291.75
2023-06-06 22:45:00-07:00,4291.5
2023-06-06 23:00:00-07:00,4291.0
2023-06-06 23:15:00-07:00,4291.75
2023-06-06 23:30:00-07:00,4289.25
2023-06-06 23:45:00-07:00,4289.25
2023-06-07 00:00:00-07:00,4287.25
2023-06-07 00:15:00-07:00,4284.75
2023-06-07 00:30:00-07:00,4284.5
2023-06-07 00:45:00-07:00,4283.75
2023-06-07 01:00:00-07:00,4284.75
2023-06-07 01:15:00-07:00,4284.5
2023-06-07 01:30:00-07:00,4285.25
2023-06-07 01:45:00-07:00,4285.5
2023-06-07 02:00:00-07:00,4285.75
2023-06-07 02:15:00-07:00,4287.0
2023-06-07 02:30:00-07:00,4286.25
2023-06-07 02:45:00-07:00,4285.75
2023-06-07 03:00:00-07:00,4287.5
2023-06-07 03:15:00-07:00,4289.75
2023-06-07 03:30:00-07:00,4290.75
2023-06-07 03:45:00-07:00,4291.75
2023-06-07 04:00:00-07:00,4291.5
2023-06-07 04:15:00-07:00,4291.0
2023-06-07 04:30:00-07:00,4294.0
2023-06-07 04:45:00-07:00,4296.25
2023-06-07 05:00:00-07:00,4294.0
2023-06-07 05:15:00-07:00,4293.25
2023-06-07 05:30:00-07:00,4293.25
2023-06-07 05:45:00-07:00,4293.25
2023-06-07 06:00:00-07:00,4293.75
2023-06-07 06:15:00-07:00,4292.75
2023-06-07 06:30:00-07:00,4303.5
2023-06-07 06:45:00-07:00,4301.5
2023-06-07 07:00:00-07:00,4295.0
2023-06-07 07:15:00-07:00,4292.0
2023-06-07 07:30:00-07:00,4282.75
2023-06-07 07:45:00-07:00,4284.75
2023-06-07 08:00:00-07:00,4285.25
2023-06-07 08:15:00-07:00,4286.0
2023-06-07 08:30:00-07:00,4281.5
2023-06-07 08:45:00-07:00,4277.25
2023-06-07 09:00:00-07:00,4280.0
2023-06-07 09:15:00-07:00,4276.75
2023-06-07 09:30:00-07:00,4283.0
2023-06-07 09:45:00-07:00,4276.75
2023-06-07 10:00:00-07:00,4274.5
2023-06-07 10:15:00-07:00,4274.0
2023-06-07 10:30:00-07:00,4273.5
2023-06-07 10:45:00-07:00,4275.25
2023-06-07 11:00:00-07:00,4277.75
2023-06-07 11:15:00-07:00,4278.5
2023-06-07 11:30:00-07:00,4275.0
2023-06-07 11:45:00-07:00,4278.0
2023-06-07 12:00:00-07:00,4275.0
2023-06-07 12:15:00-07:00,4277.5
2023-06-07 12:30:00-07:00,4274.0
2023-06-07 12:45:00-07:00,4274.5
2023-06-07 13:00:00-07:00,4274.25
2023-06-07 13:15:00-07:00,4275.0
2023-06-07 13:30:00-07:00,4274.5
2023-06-07 13:45:00-07:00,4273.25
2023-06-07 14:00:00-07:00,4273.25
2023-06-07 14:15:00-07:00,4273.25
2023-06-07 14:30:00-07:00,4273.25
2023-06-07 14:45:00-07:00,4273.25
2023-06-07 15:00:00-07:00,4276.0
2023-06-07 15:15:00-07:00,4275.25
2023-06-07 15:30:00-07:00,4272.75
2023-06-07 15:45:00-07:00,4272.5
2023-06-07 16:00:00-07:00,4273.5
2023-06-07 16:15:00-07:00,4273.0
2023-06-07 16:30:00-07:00,4273.0
2023-06-07 16:45:00-07:00,4274.25
2023-06-07 17:00:00-07:00,4274.5
2023-06-07 17:15:00-07:00,4274.25
2023-06-07 17:30:00-07:00,4274.75
2023-06-07 17:45:00-07:00,4275.25
2023-06-07 18:00:00-07:00,4275.25
2023-06-07 18:15:00-07:00,4275.5
2023-06-07 18:30:00-07:00,4272.5
2023-06-07 18:45:00-07:00,4274.5
2023-06-07 19:00:00-07:00,4274.25
2023-06-07 19:15:00-07:00,4274.25
2023-06-07 19:30:00-07:00,4273.0
2023-06-07 19:45:00-07:00,4273.25
2023-06-07 20:00:00-07:00,4274.0
2023-06-07 20:15:00-07:00,4273.5
2023-06-07 20:30:00-07:00,4270.75
2023-06-07 20:45:00-07:00,4270.0
2023-06-07 21:00:00-07:00,4267.0
2023-06-07 21:15:00-07:00,4267.25
2023-06-07 21:30:00-07:00,4263.75
2023-06-07 21:45:00-07:00,4265.0
2023-06-07 22:00:00-07:00,4265.75
2023-06-07 22:15:00-07:00,4269.0
2023-06-07 22:30:00-07:00,4267.25
2023-06-07 22:45:00-07:00,4269.75
2023-06-07 23:00:00-07:00,4265.0
2023-06-07 23:15:00-07:00,4267.5
2023-06-07 23:30:00-07:00,4266.75
2023-06-07 23:45:00-07:00,4267.25
2023-06-08 00:00:00-07:00,4268.5
2023-06-08 00:15:00-07:00,4269.0
2023-06-08 00:30:00-07:00,4272.25
2023-06-08 00:45:00-07:00,4271.5
2023-06-08 01:00:00-07:00,4272.5
2023-06-08 01:15:00-07:00,4276.0
2023-06-08 01:30:00-07:00,4277.0
2023-06-08 01:45:00-07:00,4275.0
2023-06-08 02:00:00-07:00,4275.25
2023-06-08 02:15:00-07:00,4274.25
2023-06-08 02:30:00-07:00,4277.0
2023-06-08 02:45:00-07:00,4276.5
2023-06-08 03:00:00-07:00,4278.0
2023-06-08 03:15:00-07:00,4276.75
2023-06-08 03:30:00-07:00,4276.5
2023-06-08 03:45:00-07:00,4273.0
2023-06-08 04:00:00-07:00,4273.25
2023-06-08 04:15:00-07:00,4273.25
2023-06-08 04:30:00-07:00,4272.5
2023-06-08 04:45:00-07:00,4274.0
2023-06-08 05:00:00-07:00,4270.25
2023-06-08 05:15:00-07:00,4272.0
2023-06-08 05:30:00-07:00,4275.0
2023-06-08 05:45:00-07:00,4275.75
2023-06-08 06:00:00-07:00,4272.5
2023-06-08 06:15:00-07:00,4272.5
2023-06-08 06:30:00-07:00,4272.75
2023-06-08 06:45:00-07:00,4271.5
2023-06-08 07:00:00-07:00,4277.75
2023-06-08 07:15:00-07:00,4280.25
2023-06-08 07:30:00-07:00,4281.5
2023-06-08 07:45:00-07:00,4286.25
2023-06-08 08:00:00-07:00,4286.0
2023-06-08 08:15:00-07:00,4289.0
2023-06-08 08:30:00-07:00,4288.0
2023-06-08 08:45:00-07:00,4286.25
2023-06-08 09:00:00-07:00,4287.75
2023-06-08 09:15:00-07:00,4297.5
2023-06-08 09:30:00-07:00,4293.5
2023-06-08 09:45:00-07:00,4292.75
2023-06-08 10:00:00-07:00,4293.0
2023-06-08 10:15:00-07:00,4290.25
2023-06-08 10:30:00-07:00,4286.25
2023-06-08 10:45:00-07:00,4288.5
2023-06-08 11:00:00-07:00,4289.75
2023-06-08 11:15:00-07:00,4293.25
2023-06-08 11:30:00-07:00,4297.0
2023-06-08 11:45:00-07:00,4296.25
2023-06-08 12:00:00-07:00,4296.0
2023-06-08 12:15:00-07:00,4296.0
2023-06-08 12:30:00-07:00,4299.5
2023-06-08 12:45:00-07:00,4297.75
2023-06-08 13:00:00-07:00,4296.0
2023-06-08 13:15:00-07:00,4296.5
2023-06-08 13:30:00-07:00,4298.25
2023-06-08 13:45:00-07:00,4298.25
2023-06-08 14:00:00-07:00,4298.25
2023-06-08 14:15:00-07:00,4298.25
2023-06-08 14:30:00-07:00,4298.25
2023-06-08 14:45:00-07:00,4298.25
2023-06-08 15:00:00-07:00,4339.25
2023-06-08 15:15:00-07:00,4339.0
2023-06-08 15:30:00-07:00,4340.0
2023-06-08 15:45:00-07:00,4340.0
2023-06-08 16:00:00-07:00,4339.5
2023-06-08 16:15:00-07:00,4339.0
2023-06-08 16:30:00-07:00,4339.75
2023-06-08 16:45:00-07:00,4338.25
2023-06-08 17:00:00-07:00,4337.25
2023-06-08 17:15:00-07:00,4337.75
2023-06-08 17:30:00-07:00,4337.5
2023-06-08 17:45:00-07:00,4336.5
2023-06-08 18:00:00-07:00,4336.75
2023-06-08 18:15:00-07:00,4336.5
2023-06-08 18:30:00-07:00,4337.0
2023-06-08 18:45:00-07:00,4337.25
2023-06-08 19:00:00-07:00,4336.5
2023-06-08 19:15:00-07:00,4336.5
2023-06-08 19:30:00-07:00,4337.0
2023-06-08 19:45:00-07:00,4337.75
2023-06-08 20:00:00-07:00,4337.25
2023-06-08 20:15:00-07:00,4338.25
2023-06-08 20:30:00-07:00,4338.5
2023-06-08 20:45:00-07:00,4338.75
2023-06-08 21:00:00-07:00,4338.25
2023-06-08 21:15:00-07:00,4337.5
2023-06-08 21:30:00-07:00,4336.5
2023-06-08 21:45:00-07:00,4336.25
2023-06-08 22:00:00-07:00,4336.75
2023-06-08 22:15:00-07:00,4336.5
2023-06-08 22:30:00-07:00,4338.5
2023-06-08 22:45:00-07:00,4338.75
2023-06-08 23:00:00-07:00,4336.5
2023-06-08 23:15:00-07:00,4336.25
2023-06-08 23:30:00-07:00,4335.75
2023-06-08 23:45:00-07:00,4335.5
2023-06-09 00:00:00-07:00,4332.5
2023-06-09 00:15:00-07:00,4329.0
2023-06-09 00:30:00-07:00,4330.5
2023-06-09 00:45:00-07:00,4334.0
2023-06-09 01:00:00-07:00,4333.5
2023-06-09 01:15:00-07:00,4334.5
2023-06-09 01:30:00-07:00,4334.5
2023-06-09 01:45:00-07:00,4337.75
2023-06-09 02:00:00-07:00,4339.5
2023-06-09 02:15:00-07:00,4340.75
2023-06-09 02:30:00-07:00,4338.5
2023-06-09 02:45:00-07:00,4336.0
2023-06-09 03:00:00-07:00,4335.5
2023-06-09 03:15:00-07:00,4337.25
2023-06-09 03:30:00-07:00,4335.25
2023-06-09 03:45:00-07:00,4336.75
2023-06-09 04:00:00-07:00,4340.75
2023-06-09 04:15:00-07:00,4339.75
2023-06-09 04:30:00-07:00,4340.75
2023-06-09 04:45:00-07:00,4340.75
2023-06-09 05:00:00-07:00,4343.5
2023-06-09 05:15:00-07:00,4341.75
2023-06-09 05:30:00-07:00,4344.0
2023-06-09 05:45:00-07:00,4345.5
2023-06-09 06:00:00-07:00,4345.75
2023-06-09 06:15:00-07:00,4349.25
2023-06-09 06:30:00-07:00,4356.0
2023-06-09 06:45:00-07:00,4359.0
2023-06-09 07:00:00-07:00,4365.75
2023-06-09 07:15:00-07:00,4367.75
2023-06-09 07:30:00-07:00,4361.5
2023-06-09 07:45:00-07:00,4360.5
2023-06-09 08:00:00-07:00,4366.0
2023-06-09 08:15:00-07:00,4348.25
2023-06-09 08:30:00-07:00,4351.5
2023-06-09 08:45:00-07:00,4344.25
2023-06-09 09:00:00-07:00,4347.25
2023-06-09 09:15:00-07:00,4341.75
2023-06-09 09:30:00-07:00,4343.0
2023-06-09 09:45:00-07:00,4348.0
2023-06-09 10:00:00-07:00,4349.25
2023-06-09 10:15:00-07:00,4351.25
2023-06-09 10:30:00-07:00,4354.0
2023-06-09 10:45:00-07:00,4355.5
2023-06-09 11:00:00-07:00,4354.5
2023-06-09 11:15:00-07:00,4353.5
2023-06-09 11:30:00-07:00,4350.75
2023-06-09 11:45:00-07:00,4352.25
2023-06-09 12:00:00-07:00,4350.0
2023-06-09 12:15:00-07:00,4350.75
2023-06-09 12:30:00-07:00,4349.5
2023-06-09 12:45:00-07:00,4349.25
2023-06-09 13:00:00-07:00,4351.25
2023-06-09 13:15:00-07:00,4352.75
2023-06-09 13:30:00-07:00,4350.75
2023-06-09 13:45:00-07:00,4348.5
2023-06-09 14:00:00-07:00,4348.5
2023-06-09 14:15:00-07:00,4348.5
2023-06-09 14:30:00-07:00,4348.5
2023-06-09 14:45:00-07:00,4348.5
2023-06-09 15:00:00-07:00,4348.5
2023-06-09 15:15:00-07:00,4348.5
2023-06-09 15:30:00-07:00,4348.5
2023-06-09 15:45:00-07:00,4348.5
2023-06-09 16:00:00-07:00,4348.5
2023-06-09 16:15:00-07:00,4348.5
2023-06-09 16:30:00-07:00,4348.5
2023-06-09 16:45:00-07:00,4348.5
2023-06-09 17:00:00-07:00,4348.5
2023-06-09 17:15:00-07:00,4348.5
2023-06-09 17:30:00-07:00,4348.5
2023-06-09 17:45:00-07:00,4348.5
2023-06-09 18:00:00-07:00,4348.5
2023-06-09 18:15:00-07:00,4348.5
2023-06-09 18:30:00-07:00,4348.5
2023-06-09 18:45:00-07:00,4348.5
2023-06-09 19:00:00-07:00,4348.5
2023-06-09 19:15:00-07:00,4348.5
2023-06-09 19:30:00-07:00,4348.5
2023-06-09 19:45:00-07:00,4348.5
2023-06-09 20:00:00-07:00,4348.5
2023-06-09 20:15:00-07:00,4348.5
2023-06-09 20:30:00-07:00,4348.5
2023-06-09 20:45:00-07:00,4348.5
2023-06-09 21:00:00-07:00,4348.5
2023-06-09 21:15:00-07:00,4348.5
2023-06-09 21:30:00-07:00,4348.5
2023-06-09 21:45:00-07:00,4348.5
2023-06-09 22:00:00-07:00,4348.5
2023-06-09 22:15:00-07:00,4348.5
2023-06-09 22:30:00-07:00,4348.5
2023-06-09 22:45:00-07:00,4348.5
2023-06-09 23:00:00-07:00,4348.5
2023-06-09 23:15:00-07:00,4348.5
2023-06-09 23:30:00-07:00,4348.5
2023-06-09 23:45:00-07:00,4348.5
2023-06-10 00:00:00-07:00,4348.5
2023-06-10 00:15:00-07:00,4348.5
2023-06-10 00:30:00-07:00,4348.5
2023-06-10 00:45:00-07:00,4348.5
2023-06-10 01:00:00-07:00,4348.5
2023-06-10 01:15:00-07:00,4348.5
2023-06-10 01:30:00-07:00,4348.5
2023-06-10 01:45:00-07:00,4348.5
2023-06-10 02:00:00-07:00,4348.5
2023-06-10 02:15:00-07:00,4348.5
2023-06-10 02:30:00-07:00,4348.5
2023-06-10 02:45:00-07:00,4348.5
2023-06-10 03:00:00-07:00,4348.5
2023-06-10 03:15:00-07:00,4348.5
2023-06-10 03:30:00-07:00,4348.5
2023-06-10 03:45:00-07:00,4348.5
2023-06-10 04:00:00-07:00,4348.5
2023-06-10 04:15:00-07:00,4348.5
2023-06-10 04:30:00-07:00,4348.5
2023-06-10 04:45:00-07:00,4348.5
2023-06-10 05:00:00-07:00,4348.5
2023-06-10 05:15:00-07:00,4348.5
2023-06-10 05:30:00-07:00,4348.5
2023-06-10 05:45:00-07:00,4348.5
2023-06-10 06:00:00-07:00,4348.5
2023-06-10 06:15:00-07:00,4348.5
2023-06-10 06:30:00-07:00,4348.5
2023-06-10 06:45:00-07:00,4348.5
2023-06-10 07:00:00-07:00,4348.5
2023-06-10 07:15:00-07:00,4348.5
2023-06-10 07:30:00-07:00,4348.5
2023-06-10 07:45:00-07:00,4348.5
2023-06-10 08:00:00-07:00,4348.5
2023-06-10 08:15:00-07:00,4348.5
2023-06-10 08:30:00-07:00,4348.5
2023-06-10 08:45:00-07:00,4348.5
2023-06-10 09:00:00-07:00,4348.5
2023-06-10 09:15:00-07:00,4348.5
2023-06-10 09:30:00-07:00,4348.5
2023-06-10 09:45:00-07:00,4348.5
2023-06-10 10:00:00-07:00,4348.5
2023-06-10 10:15:00-07:00,4348.5
2023-06-10 10:30:00-07:00,4348.5
2023-06-10 10:45:00-07:00,4348.5
2023-06-10 11:00:00-07:00,4348.5
2023-06-10 11:15:00-07:00,4348.5
2023-06-10 11:30:00-07:00,4348.5
2023-06-10 11:45:00-07:00,4348.5
2023-06-10 12:00:00-07:00,4348.5
2023-06-10 12:15:00-07:00,4348.5
2023-06-10 12:30:00-07:00,4348.5
2023-06-10 12:45:00-07:00,4348.5
2023-06-10 13:00:00-07:00,4348.5
2023-06-10 13:15:00-07:00,4348.5
2023-06-10 13:30:00-07:00,4348.5
2023-06-10 13:45:00-07:00,4348.5
2023-06-10 14:00:00-07:00,4348.5
2023-06-10 14:15:00-07:00,4348.5
2023-06-10 14:30:00-07:00,4348.5
2023-06-10 14:45:00-07:00,4348.5
2023-06-10 15:00:00-07:00,4348.5
2023-06-10 15:15:00-07:00,4348.5
2023-06-10 15:30:00-07:00,4348.5
2023-06-10 15:45:00-07:00,4348.5
2023-06-10 16:00:00-07:00,4348.5
2023-06-10 16:15:00-07:00,4348.5
2023-06-10 16:30:00-07:00,4348.5
2023-06-10 16:45:00-07:00,4348.5
2023-06-10 17:00:00-07:00,4348.5
2023-06-10 17:15:00-07:00,4348.5
2023-06-10 17:30:00-07:00,4348.5
2023-06-10 17:45:00-07:00,4348.5
2023-06-10 18:00:00-07:00,4348.5
2023-06-10 18:15:00-07:00,4348.5
2023-06-10 18:30:00-07:00,4348.5
2023-06-10 18:45:00-07:00,4348.5
2023-06-10 19:00:00-07:00,4348.5
2023-06-10 19:15:00-07:00,4348.5
2023-06-10 19:30:00-07:00,4348.5
2023-06-10 19:45:00-07:00,4348.5
2023-06-10 20:00:00-07:00,4348.5
2023-06-10 20:15:00-07:00,4348.5
2023-06-10 20:30:00-07:00,4348.5
2023-06-10 20:45:00-07:00,4348.5
2023-06-10 21:00:00-07:00,4348.5
2023-06-10 21:15:00-07:00,4348.5
2023-06-10 21:30:00-07:00,4348.5
2023-06-10 21:45:00-07:00,4348.5
2023-06-10 22:00:00-07:00,4348.5
2023-06-10 22:15:00-07:00,4348.5
2023-06-10 22:30:00-07:00,4348.5
2023-06-10 22:45:00-07:00,4348.5
2023-06-10 23:00:00-07:00,4348.5
2023-06-10 23:15:00-07:00,4348.5
2023-06-10 23:30:00-07:00,4348.5
2023-06-10 23:45:00-07:00,4348.5
2023-06-11 00:00:00-07:00,4348.5
2023-06-11 00:15:00-07:00,4348.5
2023-06-11 00:30:00-07:00,4348.5
2023-06-11 00:45:00-07:00,4348.5
2023-06-11 01:00:00-07:00,4348.5
2023-06-11 01:15:00-07:00,4348.5
2023-06-11 01:30:00-07:00,4348.5
2023-06-11 01:45:00-07:00,4348.5
2023-06-11 02:00:00-07:00,4348.5
2023-06-11 02:15:00-07:00,4348.5
2023-06-11 02:30:00-07:00,4348.5
2023-06-11 02:45:00-07:00,4348.5
2023-06-11 03:00:00-07:00,4348.5
2023-06-11 03:15:00-07:00,4348.5
2023-06-11 03:30:00-07:00,4348.5
2023-06-11 03:45:00-07:00,4348.5
2023-06-11 04:00:00-07:00,4348.5
2023-06-11 04:15:00-07:00,4348.5
2023-06-11 04:30:00-07:00,4348.5
2023-06-11 04:45:00-07:00,4348.5
2023-06-11 05:00:00-07:00,4348.5
2023-06-11 05:15:00-07:00,4348.5
2023-06-11 05:30:00-07:00,4348.5
2023-06-11 05:45:00-07:00,4348.5
2023-06-11 06:00:00-07:00,4348.5
2023-06-11 06:15:00-07:00,4348.5
2023-06-11 06:30:00-07:00,4348.5
2023-06-11 06:45:00-07:00,4348.5
2023-06-11 07:00:00-07:00,4348.5
2023-06-11 07:15:00-07:00,4348.5
2023-06-11 07:30:00-07:00,4348.5
2023-06-11 07:45:00-07:00,4348.5
2023-06-11 08:00:00-07:00,4348.5
2023-06-11 08:15:00-07:00,4348.5
2023-06-11 08:30:00-07:00,4348.5
2023-06-11 08:45:00-07:00,4348.5
2023-06-11 09:00:00-07:00,4348.5
2023-06-11 09:15:00-07:00,4348.5
2023-06-11 09:30:00-07:00,4348.5
2023-06-11 09:45:00-07:00,4348.5
2023-06-11 10:00:00-07:00,4348.5
2023-06-11 10:15:00-07:00,4348.5
2023-06-11 10:30:00-07:00,4348.5
2023-06-11 10:45:00-07:00,4348.5
2023-06-11 11:00:00-07:00,4348.5
2023-06-11 11:15:00-07:00,4348.5
2023-06-11 11:30:00-07:00,4348.5
2023-06-11 11:45:00-07:00,4348.5
2023-06-11 12:00:00-07:00,4348.5
2023-06-11 12:15:00-07:00,4348.5
2023-06-11 12:30:00-07:00,4348.5
2023-06-11 12:45:00-07:00,4348.5
2023-06-11 13:00:00-07:00,4348.5
2023-06-11 13:15:00-07:00,4348.5
2023-06-11 13:30:00-07:00,4348.5
2023-06-11 13:45:00-07:00,4348.5
2023-06-11 14:00:00-07:00,4348.5
2023-06-11 14:15:00-07:00,4348.5
2023-06-11 14:30:00-07:00,4348.5
2023-06-11 14:45:00-07:00,4348.5
2023-06-11 15:00:00-07:00,4352.25
2023-06-11 15:15:00-07:00,4354.5
2023-06-11 15:30:00-07:00,4355.5
2023-06-11 15:45:00-07:00,4354.5
2023-06-11 16:00:00-07:00,4356.5
2023-06-11 16:15:00-07:00,4354.5
2023-06-11 16:30:00-07:00,4354.0
2023-06-11 16:45:00-07:00,4354.5
2023-06-11 17:00:00-07:00,4354.5
2023-06-11 17:15:00-07:00,4355.75
2023-06-11 17:30:00-07:00,4357.25
2023-06-11 17:45:00-07:00,4356.25
2023-06-11 18:00:00-07:00,4356.5
2023-06-11 18:15:00-07:00,4354.75
2023-06-11 18:30:00-07:00,4355.0
2023-06-11 18:45:00-07:00,4354.25
2023-06-11 19:00:00-07:00,4355.5
2023-06-11 19:15:00-07:00,4354.75
2023-06-11 19:30:00-07:00,4353.5
2023-06-11 19:45:00-07:00,4353.5
2023-06-11 20:00:00-07:00,4354.5
2023-06-11 20:15:00-07:00,4355.0
2023-06-11 20:30:00-07:00,4353.25
2023-06-11 20:45:00-07:00,4353.25
2023-06-11 21:00:00-07:00,4352.5
2023-06-11 21:15:00-07:00,4351.75
2023-06-11 21:30:00-07:00,4351.75
2023-06-11 21:45:00-07:00,4353.0
2023-06-11 22:00:00-07:00,4354.75
2023-06-11 22:15:00-07:00,4355.75
2023-06-11 22:30:00-07:00,4353.5
2023-06-11 22:45:00-07:00,4355.5
2023-06-11 23:00:00-07:00,4355.5
2023-06-11 23:15:00-07:00,4359.5
2023-06-11 23:30:00-07:00,4359.0
2023-06-11 23:45:00-07:00,4359.75
2023-06-12 00:00:00-07:00,4358.25
2023-06-12 00:15:00-07:00,4358.25
2023-06-12 00:30:00-07:00,4361.0
2023-06-12 00:45:00-07:00,4363.25
2023-06-12 01:00:00-07:00,4362.75
2023-06-12 01:15:00-07:00,4363.5
2023-06-12 01:30:00-07:00,4362.5
2023-06-12 01:45:00-07:00,4364.75
2023-06-12 02:00:00-07:00,4366.5
2023-06-12 02:15:00-07:00,4364.5
2023-06-12 02:30:00-07:00,4360.75
2023-06-12 02:45:00-07:00,4359.5
2023-06-12 03:00:00-07:00,4357.75
2023-06-12 03:15:00-07:00,4354.75
2023-06-12 03:30:00-07:00,4355.25
2023-06-12 03:45:00-07:00,4356.5
2023-06-12 04:00:00-07:00,4358.5
2023-06-12 04:15:00-07:00,4360.0
2023-06-12 04:30:00-07:00,4361.0
2023-06-12 04:45:00-07:00,4360.25
2023-06-12 05:00:00-07:00,4359.75
2023-06-12 05:15:00-07:00,4357.75
2023-06-12 05:30:00-07:00,4359.5
2023-06-12 05:45:00-07:00,4361.75
2023-06-12 06:00:00-07:00,4362.25
2023-06-12 06:15:00-07:00,4358.5
2023-06-12 06:30:00-07:00,4355.5
2023-06-12 06:45:00-07:00,4359.25
2023-06-12 07:00:00-07:00,4357.75
2023-06-12 07:15:00-07:00,4356.75
2023-06-12 07:30:00-07:00,4354.25
2023-06-12 07:45:00-07:00,4354.75
2023-06-12 08:00:00-07:00,4355.5
2023-06-12 08:15:00-07:00,4356.0
2023-06-12 08:30:00-07:00,4361.0
2023-06-12 08:45:00-07:00,4360.75
2023-06-12 09:00:00-07:00,4360.5
2023-06-12 09:15:00-07:00,4361.5
2023-06-12 09:30:00-07:00,4364.0
2023-06-12 09:45:00-07:00,4364.5
2023-06-12 10:00:00-07:00,4364.25
2023-06-12 10:15:00-07:00,4362.75
2023-06-12 10:30:00-07:00,4364.75
2023-06-12 10:45:00-07:00,4367.75
2023-06-12 11:00:00-07:00,4366.5
2023-06-12 11:15:00-07:00,4366.5
2023-06-12 11:30:00-07:00,4368.5
2023-06-12 11:45:00-07:00,4375.25
2023-06-12 12:00:00-07:00,4383.25
2023-06-12 12:15:00-07:00,4383.0
2023-06-12 12:30:00-07:00,4384.5
2023-06-12 12:45:00-07:00,4388.75
2023-06-12 13:00:00-07:00,4387.5
2023-06-12 13:15:00-07:00,4388.5
2023-06-12 13:30:00-07:00,4390.0
2023-06-12 13:45:00-07:00,4391.0
2023-06-12 14:00:00-07:00,4391.0
2023-06-12 14:15:00-07:00,4391.0
2023-06-12 14:30:00-07:00,4391.0
2023-06-12 14:45:00-07:00,4391.0
2023-06-12 15:00:00-07:00,4389.0
2023-06-12 15:15:00-07:00,4389.5
2023-06-12 15:30:00-07:00,4389.75
2023-06-12 15:45:00-07:00,4392.5
2023-06-12 16:00:00-07:00,4391.25
2023-06-12 16:15:00-07:00,4391.0
2023-06-12 16:30:00-07:00,4388.75
2023-06-12 16:45:00-07:00,4389.0
2023-06-12 17:00:00-07:00,4389.75
2023-06-12 17:15:00-07:00,4388.5
2023-06-12 17:30:00-07:00,4388.5
2023-06-12 17:45:00-07:00,4387.75
2023-06-12 18:00:00-07:00,4387.75
2023-06-12 18:15:00-07:00,4388.75
2023-06-12 18:30:00-07:00,4390.0
2023-06-12 18:45:00-07:00,4390.75
2023-06-12 19:00:00-07:00,4389.5
2023-06-12 19:15:00-07:00,4390.5
2023-06-12 19:30:00-07:00,4391.0
2023-06-12 19:45:00-07:00,4391.5
2023-06-12 20:00:00-07:00,4392.5
2023-06-12 20:15:00-07:00,4392.5
2023-06-12 20:30:00-07:00,4396.75
2023-06-12 20:45:00-07:00,4397.0
2023-06-12 21:00:00-07:00,4397.0
2023-06-12 21:15:00-07:00,4396.5
2023-06-12 21:30:00-07:00,4397.5
2023-06-12 21:45:00-07:00,4396.5
2023-06-12 22:00:00-07:00,4396.5
2023-06-12 22:15:00-07:00,4396.25
2023-06-12 22:30:00-07:00,4396.5
2023-06-12 22:45:00-07:00,4397.75
2023-06-12 23:00:00-07:00,4400.0
2023-06-12 23:15:00-07:00,4400.25
2023-06-12 23:30:00-07:00,4400.0
2023-06-12 23:45:00-07:00,4400.0
2023-06-13 00:00:00-07:00,4397.25
2023-06-13 00:15:00-07:00,4397.5
2023-06-13 00:30:00-07:00,4401.25
2023-06-13 00:45:00-07:00,4397.75
2023-06-13 01:00:00-07:00,4397.25
2023-06-13 01:15:00-07:00,4399.25
2023-06-13 01:30:00-07:00,4399.25
2023-06-13 01:45:00-07:00,4399.0
2023-06-13 02:00:00-07:00,4400.75
2023-06-13 02:15:00-07:00,4399.5
2023-06-13 02:30:00-07:00,4395.75
2023-06-13 02:45:00-07:00,4395.0
2023-06-13 03:00:00-07:00,4392.75
2023-06-13 03:15:00-07:00,4391.25
2023-06-13 03:30:00-07:00,4392.25
2023-06-13 03:45:00-07:00,4392.75
2023-06-13 04:00:00-07:00,4393.0
2023-06-13 04:15:00-07:00,4392.75
2023-06-13 04:30:00-07:00,4390.5
2023-06-13 04:45:00-07:00,4389.75
2023-06-13 05:00:00-07:00,4390.5
2023-06-13 05:15:00-07:00,4394.5
2023-06-13 05:30:00-07:00,4404.5
2023-06-13 05:45:00-07:00,4410.75
2023-06-13 06:00:00-07:00,4412.5
2023-06-13 06:15:00-07:00,4402.75
2023-06-13 06:30:00-07:00,4416.0
2023-06-13 06:45:00-07:00,4407.0
2023-06-13 07:00:00-07:00,4402.5
2023-06-13 07:15:00-07:00,4406.75
2023-06-13 07:30:00-07:00,4408.25
2023-06-13 07:45:00-07:00,4410.0
2023-06-13 08:00:00-07:00,4418.0
2023-06-13 08:15:00-07:00,4417.25
2023-06-13 08:30:00-07:00,4413.5
2023-06-13 08:45:00-07:00,4410.25
2023-06-13 09:00:00-07:00,4414.75
2023-06-13 09:15:00-07:00,4415.75
2023-06-13 09:30:00-07:00,4418.25
2023-06-13 09:45:00-07:00,4419.5
2023-06-13 10:00:00-07:00,4416.25
2023-06-13 10:15:00-07:00,4419.75
2023-06-13 10:30:00-07:00,4420.75
2023-06-13 10:45:00-07:00,4418.0
2023-06-13 11:00:00-07:00,4413.5
2023-06-13 11:15:00-07:00,4407.75
2023-06-13 11:30:00-07:00,4405.5
2023-06-13 11:45:00-07:00,4409.75
2023-06-13 12:00:00-07:00,4413.75
2023-06-13 12:15:00-07:00,4412.5
2023-06-13 12:30:00-07:00,4411.25
2023-06-13 12:45:00-07:00,4416.25
2023-06-13 13:00:00-07:00,4415.75
2023-06-13 13:15:00-07:00,4415.75
2023-06-13 13:30:00-07:00,4419.75
2023-06-13 13:45:00-07:00,4418.0
2023-06-13 14:00:00-07:00,4418.0
2023-06-13 14:15:00-07:00,4418.0
2023-06-13 14:30:00-07:00,4418.0
2023-06-13 14:45:00-07:00,4418.0
2023-06-13 15:00:00-07:00,4416.5
2023-06-13 15:15:00-07:00,4417.5
2023-06-13 15:30:00-07:00,4418.5
2023-06-13 15:45:00-07:00,4419.0
2023-06-13 16:00:00-07:00,4418.25
2023-06-13 16:15:00-07:00,4418.25
2023-06-13 16:30:00-07:00,4417.25
2023-06-13 16:45:00-07:00,4417.0
2023-06-13 17:00:00-07:00,4413.25
2023-06-13 17:15:00-07:00,4414.5
2023-06-13 17:30:00-07:00,4414.5
2023-06-13 17:45:00-07:00,4413.75
2023-06-13 18:00:00-07:00,4415.25
2023-06-13 18:15:00-07:00,4416.0
2023-06-13 18:30:00-07:00,4415.75
2023-06-13 18:45:00-07:00,4416.75
2023-06-13 19:00:00-07:00,4415.25
2023-06-13 19:15:00-07:00,4415.5
2023-06-13 19:30:00-07:00,4414.5
2023-06-13 19:45:00-07:00,4415.5
2023-06-13 20:00:00-07:00,4415.0
2023-06-13 20:15:00-07:00,4415.5
2023-06-13 20:30:00-07:00,4414.5
2023-06-13 20:45:00-07:00,4415.75
2023-06-13 21:00:00-07:00,4415.0
2023-06-13 21:15:00-07:00,4417.0
2023-06-13 21:30:00-07:00,4416.75
2023-06-13 21:45:00-07:00,4417.25
2023-06-13 22:00:00-07:00,4417.25
2023-06-13 22:15:00-07:00,4416.0
2023-06-13 22:30:00-07:00,4415.5
2023-06-13 22:45:00-07:00,4416.75
2023-06-13 23:00:00-07:00,4416.75
2023-06-13 23:15:00-07:00,4415.25
2023-06-13 23:30:00-07:00,4415.5
2023-06-13 23:45:00-07:00,4415.0
2023-06-14 00:00:00-07:00,4419.75
2023-06-14 00:15:00-07:00,4422.5
2023-06-14 00:30:00-07:00,4425.0
2023-06-14 00:45:00-07:00,4425.0
2023-06-14 01:00:00-07:00,4423.5
2023-06-14 01:15:00-07:00,4424.75
2023-06-14 01:30:00-07:00,4425.5
2023-06-14 01:45:00-07:00,4426.25
2023-06-14 02:00:00-07:00,4423.25
2023-06-14 02:15:00-07:00,4424.0
2023-06-14 02:30:00-07:00,4423.25
2023-06-14 02:45:00-07:00,4422.0
2023-06-14 03:00:00-07:00,4422.5
2023-06-14 03:15:00-07:00,4423.25
2023-06-14 03:30:00-07:00,4425.25
2023-06-14 03:45:00-07:00,4424.75
2023-06-14 04:00:00-07:00,4424.25
2023-06-14 04:15:00-07:00,4426.75
2023-06-14 04:30:00-07:00,4422.75
2023-06-14 04:45:00-07:00,4422.0
2023-06-14 05:00:00-07:00,4423.0
2023-06-14 05:15:00-07:00,4423.5
2023-06-14 05:30:00-07:00,4421.25
2023-06-14 05:45:00-07:00,4420.0
2023-06-14 06:00:00-07:00,4420.5
2023-06-14 06:15:00-07:00,4418.75
2023-06-14 06:30:00-07:00,4421.0
2023-06-14 06:45:00-07:00,4424.0
2023-06-14 07:00:00-07:00,4428.25
2023-06-14 07:15:00-07:00,4425.75
2023-06-14 07:30:00-07:00,4427.5
2023-06-14 07:45:00-07:00,4427.5
2023-06-14 08:00:00-07:00,4432.75
2023-06-14 08:15:00-07:00,4435.25
2023-06-14 08:30:00-07:00,4432.75
2023-06-14 08:45:00-07:00,4431.25
2023-06-14 09:00:00-07:00,4429.75
2023-06-14 09:15:00-07:00,4430.25
2023-06-14 09:30:00-07:00,4427.25
2023-06-14 09:45:00-07:00,4429.25
2023-06-14 10:00:00-07:00,4423.0
2023-06-14 10:15:00-07:00,4421.25
2023-06-14 10:30:00-07:00,4420.0
2023-06-14 10:45:00-07:00,4421.0
2023-06-14 11:00:00-07:00,4396.75
2023-06-14 11:15:00-07:00,4392.5
2023-06-14 11:30:00-07:00,4413.0
2023-06-14 11:45:00-07:00,4411.5
2023-06-14 12:00:00-07:00,4412.5
2023-06-14 12:15:00-07:00,4414.0
2023-06-14 12:30:00-07:00,4411.25
2023-06-14 12:45:00-07:00,4419.5
2023-06-14 13:00:00-07:00,4421.75
2023-06-14 13:15:00-07:00,4422.0
2023-06-14 13:30:00-07:00,4426.25
2023-06-14 13:45:00-07:00,4424.75
2023-06-14 14:00:00-07:00,4424.75
2023-06-14 14:15:00-07:00,4424.75
2023-06-14 14:30:00-07:00,4424.75
2023-06-14 14:45:00-07:00,4424.75
2023-06-14 15:00:00-07:00,4424.25
2023-06-14 15:15:00-07:00,4422.5
2023-06-14 15:30:00-07:00,4424.25
2023-06-14 15:45:00-07:00,4423.25
2023-06-14 16:00:00-07:00,4422.25
2023-06-14 16:15:00-07:00,4421.5
2023-06-14 16:30:00-07:00,4421.0
2023-06-14 16:45:00-07:00,4420.0
2023-06-14 17:00:00-07:00,4419.25
2023-06-14 17:15:00-07:00,4420.25
2023-06-14 17:30:00-07:00,4420.25
2023-06-14 17:45:00-07:00,4420.75
2023-06-14 18:00:00-07:00,4418.75
2023-06-14 18:15:00-07:00,4414.25
2023-06-14 18:30:00-07:00,4413.25
2023-06-14 18:45:00-07:00,4413.5
2023-06-14 19:00:00-07:00,4412.5
2023-06-14 19:15:00-07:00,4413.5
2023-06-14 19:30:00-07:00,4413.5
2023-06-14 19:45:00-07:00,4415.25
2023-06-14 20:00:00-07:00,4416.5
2023-06-14 20:15:00-07:00,4416.5
2023-06-14 20:30:00-07:00,4418.0
2023-06-14 20:45:00-07:00,4418.25
2023-06-14 21:00:00-07:00,4418.25
2023-06-14 21:15:00-07:00,4418.75
2023-06-14 21:30:00-07:00,4418.5
2023-06-14 21:45:00-07:00,4418.5
2023-06-14 22:00:00-07:00,4417.0
2023-06-14 22:15:00-07:00,4420.0
2023-06-14 22:30:00-07:00,4418.5
2023-06-14 22:45:00-07:00,4418.75
2023-06-14 23:00:00-07:00,4417.0
2023-06-14 23:15:00-07:00,4414.0
2023-06-14 23:30:00-07:00,4413.0
2023-06-14 23:45:00-07:00,4414.0
2023-06-15 00:00:00-07:00,4409.75
2023-06-15 00:15:00-07:00,4412.25
2023-06-15 00:30:00-07:00,4411.75
2023-06-15 00:45:00-07:00,4415.75
2023-06-15 01:00:00-07:00,4414.5
2023-06-15 01:15:00-07:00,4413.75
2023-06-15 01:30:00-07:00,4409.0
2023-06-15 01:45:00-07:00,4408.75
2023-06-15 02:00:00-07:00,4409.5
2023-06-15 02:15:00-07:00,4405.75
2023-06-15 02:30:00-07:00,4408.0
2023-06-15 02:45:00-07:00,4406.5
2023-06-15 03:00:00-07:00,4405.0
2023-06-15 03:15:00-07:00,4403.5
2023-06-15 03:30:00-07:00,4400.5
2023-06-15 03:45:00-07:00,4401.25
2023-06-15 04:00:00-07:00,4399.75
2023-06-15 04:15:00-07:00,4401.5
2023-06-15 04:30:00-07:00,4401.5
2023-06-15 04:45:00-07:00,4403.0
2023-06-15 05:00:00-07:00,4405.0
2023-06-15 05:15:00-07:00,4401.0
2023-06-15 05:30:00-07:00,4398.0
2023-06-15 05:45:00-07:00,4404.75
2023-06-15 06:00:00-07:00,4406.25
2023-06-15 06:15:00-07:00,4408.25
2023-06-15 06:30:00-07:00,4421.25
2023-06-15 06:45:00-07:00,4432.75
2023-06-15 07:00:00-07:00,4436.75
2023-06-15 07:15:00-07:00,4440.25
2023-06-15 07:30:00-07:00,4436.75
2023-06-15 07:45:00-07:00,4439.75
2023-06-15 08:00:00-07:00,4444.25
2023-06-15 08:15:00-07:00,4453.25
2023-06-15 08:30:00-07:00,4453.5
2023-06-15 08:45:00-07:00,4453.25
2023-06-15 09:00:00-07:00,4450.25
2023-06-15 09:15:00-07:00,4455.25
2023-06-15 09:30:00-07:00,4454.75
2023-06-15 09:45:00-07:00,4454.5
2023-06-15 10:00:00-07:00,4447.75
2023-06-15 10:15:00-07:00,4454.75
2023-06-15 10:30:00-07:00,4458.5
2023-06-15 10:45:00-07:00,4463.5
2023-06-15 11:00:00-07:00,4460.25
2023-06-15 11:15:00-07:00,4465.0
2023-06-15 11:30:00-07:00,4474.75
2023-06-15 11:45:00-07:00,4482.75
2023-06-15 12:00:00-07:00,4482.0
2023-06-15 12:15:00-07:00,4478.0
2023-06-15 12:30:00-07:00,4474.5
2023-06-15 12:45:00-07:00,4472.75
2023-06-15 13:00:00-07:00,4466.5
2023-06-15 13:15:00-07:00,4469.0
2023-06-15 13:30:00-07:00,4467.25
2023-06-15 13:45:00-07:00,4467.5
2023-06-15 14:00:00-07:00,4467.5
2023-06-15 14:15:00-07:00,4467.5
2023-06-15 14:30:00-07:00,4467.5
2023-06-15 14:45:00-07:00,4467.5
2023-06-15 15:00:00-07:00,4467.0
2023-06-15 15:15:00-07:00,4467.5
2023-06-15 15:30:00-07:00,4465.5
2023-06-15 15:45:00-07:00,4465.25
2023-06-15 16:00:00-07:00,4466.5
2023-06-15 16:15:00-07:00,4466.0
2023-06-15 16:30:00-07:00,4466.25
2023-06-15 16:45:00-07:00,4465.25
2023-06-15 17:00:00-07:00,4464.0
2023-06-15 17:15:00-07:00,4463.5
2023-06-15 17:30:00-07:00,4463.0
2023-06-15 17:45:00-07:00,4462.75
2023-06-15 18:00:00-07:00,4463.5
2023-06-15 18:15:00-07:00,4461.75
2023-06-15 18:30:00-07:00,4462.0
2023-06-15 18:45:00-07:00,4461.25
2023-06-15 19:00:00-07:00,4460.75
2023-06-15 19:15:00-07:00,4460.75
2023-06-15 19:30:00-07:00,4461.0
2023-06-15 19:45:00-07:00,4461.5
2023-06-15 20:00:00-07:00,4461.25
2023-06-15 20:15:00-07:00,4462.0
2023-06-15 20:30:00-07:00,4463.75
2023-06-15 20:45:00-07:00,4465.25
2023-06-15 21:00:00-07:00,4466.25
2023-06-15 21:15:00-07:00,4467.25
2023-06-15 21:30:00-07:00,4467.25
2023-06-15 21:45:00-07:00,4465.5
2023-06-15 22:00:00-07:00,4465.5
2023-06-15 22:15:00-07:00,4467.0
2023-06-15 22:30:00-07:00,4468.75
2023-06-15 22:45:00-07:00,4469.5
2023-06-15 23:00:00-07:00,4468.75
2023-06-15 23:15:00-07:00,4471.0
2023-06-15 23:30:00-07:00,4470.0
2023-06-15 23:45:00-07:00,4469.0
2023-06-16 00:00:00-07:00,4463.0
2023-06-16 00:15:00-07:00,4466.5
2023-06-16 00:30:00-07:00,4467.75
2023-06-16 00:45:00-07:00,4468.0
2023-06-16 01:00:00-07:00,4467.75
2023-06-16 01:15:00-07:00,4473.5
2023-06-16 01:30:00-07:00,4477.0
2023-06-16 01:45:00-07:00,4476.25
2023-06-16 02:00:00-07:00,4476.0
2023-06-16 02:15:00-07:00,4475.75
2023-06-16 02:30:00-07:00,4476.25
2023-06-16 02:45:00-07:00,4474.75
2023-06-16 03:00:00-07:00,4472.25
2023-06-16 03:15:00-07:00,4469.5
2023-06-16 03:30:00-07:00,4471.25
2023-06-16 03:45:00-07:00,4471.5
2023-06-16 04:00:00-07:00,4473.25
2023-06-16 04:15:00-07:00,4475.0
2023-06-16 04:30:00-07:00,4475.5
2023-06-16 04:45:00-07:00,4473.75
2023-06-16 05:00:00-07:00,4478.0
2023-06-16 05:15:00-07:00,4480.25
2023-06-16 05:30:00-07:00,4482.5
2023-06-16 05:45:00-07:00,4483.0
2023-06-16 06:00:00-07:00,4480.0
2023-06-16 06:15:00-07:00,4492.5
2023-06-16 06:30:00-07:00,4476.0
2023-06-16 06:45:00-07:00,4474.25
2023-06-16 07:00:00-07:00,4476.5
2023-06-16 07:15:00-07:00,4486.0
2023-06-16 07:30:00-07:00,4473.5
2023-06-16 07:45:00-07:00,4477.0
2023-06-16 08:00:00-07:00,4481.0
2023-06-16 08:15:00-07:00,4469.75
2023-06-16 08:30:00-07:00,4471.25
2023-06-16 08:45:00-07:00,4474.5
2023-06-16 09:00:00-07:00,4472.0
2023-06-16 09:15:00-07:00,4479.5
2023-06-16 09:30:00-07:00,4479.5
2023-06-16 09:45:00-07:00,4483.75
2023-06-16 10:00:00-07:00,4478.75
2023-06-16 10:15:00-07:00,4476.5
2023-06-16 10:30:00-07:00,4475.0
2023-06-16 10:45:00-07:00,4475.5
2023-06-16 11:00:00-07:00,4471.0
2023-06-16 11:15:00-07:00,4472.25
2023-06-16 11:30:00-07:00,4467.75
2023-06-16 11:45:00-07:00,4462.75
2023-06-16 12:00:00-07:00,4455.5
2023-06-16 12:15:00-07:00,4457.25
2023-06-16 12:30:00-07:00,4460.75
2023-06-16 12:45:00-07:00,4455.75
2023-06-16 13:00:00-07:00,4459.0
2023-06-16 13:15:00-07:00,4461.5
2023-06-16 13:30:00-07:00,4458.0
2023-06-16 13:45:00-07:00,4459.0
2023-06-16 14:00:00-07:00,4459.0
2023-06-16 14:15:00-07:00,4459.0
2023-06-16 14:30:00-07:00,4459.0
2023-06-16 14:45:00-07:00,4459.0
2023-06-16 15:00:00-07:00,4459.0
2023-06-16 15:15:00-07:00,4459.0
2023-06-16 15:30:00-07:00,4459.0
2023-06-16 15:45:00-07:00,4459.0
2023-06-16 16:00:00-07:00,4459.0
2023-06-16 16:15:00-07:00,4459.0
2023-06-16 16:30:00-07:00,4459.0
2023-06-16 16:45:00-07:00,4459.0
2023-06-16 17:00:00-07:00,4459.0
2023-06-16 17:15:00-07:00,4459.0
2023-06-16 17:30:00-07:00,4459.0
2023-06-16 17:45:00-07:00,4459.0
2023-06-16 18:00:00-07:00,4459.0
2023-06-16 18:15:00-07:00,4459.0
2023-06-16 18:30:00-07:00,4459.0
2023-06-16 18:45:00-07:00,4459.0
2023-06-16 19:00:00-07:00,4459.0
2023-06-16 19:15:00-07:00,4459.0
2023-06-16 19:30:00-07:00,4459.0
2023-06-16 19:45:00-07:00,4459.0
2023-06-16 20:00:00-07:00,4459.0
2023-06-16 20:15:00-07:00,4459.0
2023-06-16 20:30:00-07:00,4459.0
2023-06-16 20:45:00-07:00,4459.0
2023-06-16 21:00:00-07:00,4459.0
2023-06-16 21:15:00-07:00,4459.0
2023-06-16 21:30:00-07:00,4459.0
2023-06-16 21:45:00-07:00,4459.0
2023-06-16 22:00:00-07:00,4459.0
2023-06-16 22:15:00-07:00,4459.0
2023-06-16 22:30:00-07:00,4459.0
2023-06-16 22:45:00-07:00,4459.0
2023-06-16 23:00:00-07:00,4459.0
2023-06-16 23:15:00-07:00,4459.0
2023-06-16 23:30:00-07:00,4459.0
2023-06-16 23:45:00-07:00,4459.0
2023-06-17 00:00:00-07:00,4459.0
2023-06-17 00:15:00-07:00,4459.0
2023-06-17 00:30:00-07:00,4459.0
2023-06-17 00:45:00-07:00,4459.0
2023-06-17 01:00:00-07:00,4459.0
2023-06-17 01:15:00-07:00,4459.0
2023-06-17 01:30:00-07:00,4459.0
2023-06-17 01:45:00-07:00,4459.0
2023-06-17 02:00:00-07:00,4459.0
2023-06-17 02:15:00-07:00,4459.0
2023-06-17 02:30:00-07:00,4459.0
2023-06-17 02:45:00-07:00,4459.0
2023-06-17 03:00:00-07:00,4459.0
2023-06-17 03:15:00-07:00,4459.0
2023-06-17 03:30:00-07:00,4459.0
2023-06-17 03:45:00-07:00,4459.0
2023-06-17 04:00:00-07:00,4459.0
2023-06-17 04:15:00-07:00,4459.0
2023-06-17 04:30:00-07:00,4459.0
2023-06-17 04:45:00-07:00,4459.0
2023-06-17 05:00:00-07:00,4459.0
2023-06-17 05:15:00-07:00,4459.0
2023-06-17 05:30:00-07:00,4459.0
2023-06-17 05:45:00-07:00,4459.0
2023-06-17 06:00:00-07:00,4459.0
2023-06-17 06:15:00-07:00,4459.0
2023-06-17 06:30:00-07:00,4459.0
2023-06-17 06:45:00-07:00,4459.0
2023-06-17 07:00:00-07:00,4459.0
2023-06-17 07:15:00-07:00,4459.0
2023-06-17 07:30:00-07:00,4459.0
2023-06-17 07:45:00-07:00,4459.0
2023-06-17 08:00:00-07:00,4459.0
2023-06-17 08:15:00-07:00,4459.0
2023-06-17 08:30:00-07:00,4459.0
2023-06-17 08:45:00-07:00,4459.0
2023-06-17 09:00:00-07:00,4459.0
2023-06-17 09:15:00-07:00,4459.0
2023-06-17 09:30:00-07:00,4459.0
2023-06-17 09:45:00-07:00,4459.0
2023-06-17 10:00:00-07:00,4459.0
2023-06-17 10:15:00-07:00,4459.0
2023-06-17 10:30:00-07:00,4459.0
2023-06-17 10:45:00-07:00,4459.0
2023-06-17 11:00:00-07:00,4459.0
2023-06-17 11:15:00-07:00,4459.0
2023-06-17 11:30:00-07:00,4459.0
2023-06-17 11:45:00-07:00,4459.0
2023-06-17 12:00:00-07:00,4459.0
2023-06-17 12:15:00-07:00,4459.0
2023-06-17 12:30:00-07:00,4459.0
2023-06-17 12:45:00-07:00,4459.0
2023-06-17 13:00:00-07:00,4459.0
2023-06-17 13:15:00-07:00,4459.0
2023-06-17 13:30:00-07:00,4459.0
2023-06-17 13:45:00-07:00,4459.0
2023-06-17 14:00:00-07:00,4459.0
2023-06-17 14:15:00-07:00,4459.0
2023-06-17 14:30:00-07:00,4459.0
2023-06-17 14:45:00-07:00,4459.0
2023-06-17 15:00:00-07:00,4459.0
2023-06-17 15:15:00-07:00,4459.0
2023-06-17 15:30:00-07:00,4459.0
2023-06-17 15:45:00-07:00,4459.0
2023-06-17 16:00:00-07:00,4459.0
2023-06-17 16:15:00-07:00,4459.0
2023-06-17 16:30:00-07:00,4459.0
2023-06-17 16:45:00-07:00,4459.0
2023-06-17 17:00:00-07:00,4459.0
2023-06-17 17:15:00-07:00,4459.0
2023-06-17 17:30:00-07:00,4459.0
2023-06-17 17:45:00-07:00,4459.0
2023-06-17 18:00:00-07:00,4459.0
2023-06-17 18:15:00-07:00,4459.0
2023-06-17 18:30:00-07:00,4459.0
2023-06-17 18:45:00-07:00,4459.0
2023-06-17 19:00:00-07:00,4459.0
2023-06-17 19:15:00-07:00,4459.0
2023-06-17 19:30:00-07:00,4459.0
2023-06-17 19:45:00-07:00,4459.0
2023-06-17 20:00:00-07:00,4459.0
2023-06-17 20:15:00-07:00,4459.0
2023-06-17 20:30:00-07:00,4459.0
2023-06-17 20:45:00-07:00,4459.0
2023-06-17 21:00:00-07:00,4459.0
2023-06-17 21:15:00-07:00,4459.0
2023-06-17 21:30:00-07:00,4459.0
2023-06-17 21:45:00-07:00,4459.0
2023-06-17 22:00:00-07:00,4459.0
2023-06-17 22:15:00-07:00,4459.0
2023-06-17 22:30:00-07:00,4459.0
2023-06-17 22:45:00-07:00,4459.0
2023-06-17 23:00:00-07:00,4459.0
2023-06-17 23:15:00-07:00,4459.0
2023-06-17 23:30:00-07:00,4459.0
2023-06-17 23:45:00-07:00,4459.0
2023-06-18 00:00:00-07:00,4459.0
2023-06-18 00:15:00-07:00,4459.0
2023-06-18 00:30:00-07:00,4459.0
2023-06-18 00:45:00-07:00,4459.0
2023-06-18 01:00:00-07:00,4459.0
2023-06-18 01:15:00-07:00,4459.0
2023-06-18 01:30:00-07:00,4459.0
2023-06-18 01:45:00-07:00,4459.0
2023-06-18 02:00:00-07:00,4459.0
2023-06-18 02:15:00-07:00,4459.0
2023-06-18 02:30:00-07:00,4459.0
2023-06-18 02:45:00-07:00,4459.0
2023-06-18 03:00:00-07:00,4459.0
2023-06-18 03:15:00-07:00,4459.0
2023-06-18 03:30:00-07:00,4459.0
2023-06-18 03:45:00-07:00,4459.0
2023-06-18 04:00:00-07:00,4459.0
2023-06-18 04:15:00-07:00,4459.0
2023-06-18 04:30:00-07:00,4459.0
2023-06-18 04:45:00-07:00,4459.0
2023-06-18 05:00:00-07:00,4459.0
2023-06-18 05:15:00-07:00,4459.0
2023-06-18 05:30:00-07:00,4459.0
2023-06-18 05:45:00-07:00,4459.0
2023-06-18 06:00:00-07:00,4459.0
2023-06-18 06:15:00-07:00,4459.0
2023-06-18 06:30:00-07:00,4459.0
2023-06-18 06:45:00-07:00,4459.0
2023-06-18 07:00:00-07:00,4459.0
2023-06-18 07:15:00-07:00,4459.0
2023-06-18 07:30:00-07:00,4459.0
2023-06-18 07:45:00-07:00,4459.0
2023-06-18 08:00:00-07:00,4459.0
2023-06-18 08:15:00-07:00,4459.0
2023-06-18 08:30:00-07:00,4459.0
2023-06-18 08:45:00-07:00,4459.0
2023-06-18 09:00:00-07:00,4459.0
2023-06-18 09:15:00-07:00,4459.0
2023-06-18 09:30:00-07:00,4459.0
2023-06-18 09:45:00-07:00,4459.0
2023-06-18 10:00:00-07:00,4459.0
2023-06-18 10:15:00-07:00,4459.0
2023-06-18 10:30:00-07:00,4459.0
2023-06-18 10:45:00-07:00,4459.0
2023-06-18 11:00:00-07:00,4459.0
2023-06-18 11:15:00-07:00,4459.0
2023-06-18 11:30:00-07:00,4459.0
2023-06-18 11:45:00-07:00,4459.0
2023-06-18 12:00:00-07:00,4459.0
2023-06-18 12:15:00-07:00,4459.0
2023-06-18 12:30:00-07:00,4459.0
2023-06-18 12:45:00-07:00,4459.0
2023-06-18 13:00:00-07:00,4459.0
2023-06-18 13:15:00-07:00,4459.0
2023-06-18 13:30:00-07:00,4459.0
2023-06-18 13:45:00-07:00,4459.0
2023-06-18 14:00:00-07:00,4459.0
2023-06-18 14:15:00-07:00,4459.0
2023-06-18 14:30:00-07:00,4459.0
2023-06-18 14:45:00-07:00,4459.0
2023-06-18 15:00:00-07:00,4460.25
2023-06-18 15:15:00-07:00,4460.25
2023-06-18 15:30:00-07:00,4459.75
2023-06-18 15:45:00-07:00,4460.25
2023-06-18 16:00:00-07:00,4459.75
2023-06-18 16:15:00-07:00,4459.25
2023-06-18 16:30:00-07:00,4458.75
2023-06-18 16:45:00-07:00,4457.5
2023-06-18 17:00:00-07:00,4452.25
2023-06-18 17:15:00-07:00,4452.0
2023-06-18 17:30:00-07:00,4450.75
2023-06-18 17:45:00-07:00,4452.25
2023-06-18 18:00:00-07:00,4451.75
2023-06-18 18:15:00-07:00,4450.75
2023-06-18 18:30:00-07:00,4449.5
2023-06-18 18:45:00-07:00,4450.5
2023-06-18 19:00:00-07:00,4452.0
2023-06-18 19:15:00-07:00,4454.25
2023-06-18 19:30:00-07:00,4453.25
2023-06-18 19:45:00-07:00,4454.0
2023-06-18 20:00:00-07:00,4454.25
2023-06-18 20:15:00-07:00,4453.25
2023-06-18 20:30:00-07:00,4451.5
2023-06-18 20:45:00-07:00,4449.5
2023-06-18 21:00:00-07:00,4448.25
2023-06-18 21:15:00-07:00,4448.5
2023-06-18 21:30:00-07:00,4449.0
2023-06-18 21:45:00-07:00,4447.75
2023-06-18 22:00:00-07:00,4448.75
2023-06-18 22:15:00-07:00,4449.75
2023-06-18 22:30:00-07:00,4453.0
2023-06-18 22:45:00-07:00,4453.25
2023-06-18 23:00:00-07:00,4454.25
2023-06-18 23:15:00-07:00,4452.25
2023-06-18 23:30:00-07:00,4452.75
2023-06-18 23:45:00-07:00,4452.75
2023-06-19 00:00:00-07:00,4455.5
2023-06-19 00:15:00-07:00,4457.0
2023-06-19 00:30:00-07:00,4457.25
2023-06-19 00:45:00-07:00,4453.75
2023-06-19 01:00:00-07:00,4454.75
2023-06-19 01:15:00-07:00,4452.25
2023-06-19 01:30:00-07:00,4452.0
2023-06-19 01:45:00-07:00,4452.25
2023-06-19 02:00:00-07:00,4451.5
2023-06-19 02:15:00-07:00,4453.5
2023-06-19 02:30:00-07:00,4454.0
2023-06-19 02:45:00-07:00,4454.75
2023-06-19 03:00:00-07:00,4453.25
2023-06-19 03:15:00-07:00,4453.25
2023-06-19 03:30:00-07:00,4451.0
2023-06-19 03:45:00-07:00,4450.75
2023-06-19 04:00:00-07:00,4449.5
2023-06-19 04:15:00-07:00,4451.75
2023-06-19 04:30:00-07:00,4449.0
2023-06-19 04:45:00-07:00,4449.0
2023-06-19 05:00:00-07:00,4448.5
2023-06-19 05:15:00-07:00,4447.5
2023-06-19 05:30:00-07:00,4448.25
2023-06-19 05:45:00-07:00,4449.75
2023-06-19 06:00:00-07:00,4450.0
2023-06-19 06:15:00-07:00,4448.25
2023-06-19 06:30:00-07:00,4445.5
2023-06-19 06:45:00-07:00,4444.75
2023-06-19 07:00:00-07:00,4443.5
2023-06-19 07:15:00-07:00,4446.25
2023-06-19 07:30:00-07:00,4445.5
2023-06-19 07:45:00-07:00,4444.75
2023-06-19 08:00:00-07:00,4445.5
2023-06-19 08:15:00-07:00,4445.25
2023-06-19 08:30:00-07:00,4447.25
2023-06-19 08:45:00-07:00,4447.75
2023-06-19 09:00:00-07:00,4447.5
2023-06-19 09:15:00-07:00,4447.75
2023-06-19 09:30:00-07:00,4448.25
2023-06-19 09:45:00-07:00,4448.25
2023-06-19 10:00:00-07:00,4448.25
2023-06-19 10:15:00-07:00,4448.25
2023-06-19 10:30:00-07:00,4448.25
2023-06-19 10:45:00-07:00,4448.25
2023-06-19 11:00:00-07:00,4448.25
2023-06-19 11:15:00-07:00,4448.25
2023-06-19 11:30:00-07:00,4448.25
2023-06-19 11:45:00-07:00,4448.25
2023-06-19 12:00:00-07:00,4448.25
2023-06-19 12:15:00-07:00,4448.25
2023-06-19 12:30:00-07:00,4448.25
2023-06-19 12:45:00-07:00,4448.25
2023-06-19 13:00:00-07:00,4448.25
2023-06-19 13:15:00-07:00,4448.25
2023-06-19 13:30:00-07:00,4448.25
2023-06-19 13:45:00-07:00,4448.25
2023-06-19 14:00:00-07:00,4448.25
2023-06-19 14:15:00-07:00,4448.25
2023-06-19 14:30:00-07:00,4448.25
2023-06-19 14:45:00-07:00,4448.25
2023-06-19 15:00:00-07:00,4446.5
2023-06-19 15:15:00-07:00,4446.0
2023-06-19 15:30:00-07:00,4446.0
2023-06-19 15:45:00-07:00,4445.75
2023-06-19 16:00:00-07:00,4445.25
2023-06-19 16:15:00-07:00,4445.25
2023-06-19 16:30:00-07:00,4446.5
2023-06-19 16:45:00-07:00,4446.75
2023-06-19 17:00:00-07:00,4446.0
2023-06-19 17:15:00-07:00,4446.25
2023-06-19 17:30:00-07:00,4446.0
2023-06-19 17:45:00-07:00,4446.25
2023-06-19 18:00:00-07:00,4446.25
2023-06-19 18:15:00-07:00,4447.5
2023-06-19 18:30:00-07:00,4444.75
2023-06-19 18:45:00-07:00,4443.5
2023-06-19 19:00:00-07:00,4443.25
2023-06-19 19:15:00-07:00,4442.5
2023-06-19 19:30:00-07:00,4443.25
2023-06-19 19:45:00-07:00,4443.0
2023-06-19 20:00:00-07:00,4443.25
2023-06-19 20:15:00-07:00,4442.75
2023-06-19 20:30:00-07:00,4443.75
2023-06-19 20:45:00-07:00,4444.0
2023-06-19 21:00:00-07:00,4443.5
2023-06-19 21:15:00-07:00,4443.25
2023-06-19 21:30:00-07:00,4443.5
2023-06-19 21:45:00-07:00,4442.25
2023-06-19 22:00:00-07:00,4442.5
2023-06-19 22:15:00-07:00,4439.75
2023-06-19 22:30:00-07:00,4441.5
2023-06-19 22:45:00-07:00,4441.75
2023-06-19 23:00:00-07:00,4440.25
2023-06-19 23:15:00-07:00,4443.75
2023-06-19 23:30:00-07:00,4443.5
2023-06-19 23:45:00-07:00,4441.75
2023-06-20 00:00:00-07:00,4440.5
2023-06-20 00:15:00-07:00,4445.0
2023-06-20 00:30:00-07:00,4444.75
2023-06-20 00:45:00-07:00,4447.0
2023-06-20 01:00:00-07:00,4443.25
2023-06-20 01:15:00-07:00,4439.0
2023-06-20 01:30:00-07:00,4437.25
2023-06-20 01:45:00-07:00,4433.5
2023-06-20 02:00:00-07:00,4434.25
2023-06-20 02:15:00-07:00,4433.5
2023-06-20 02:30:00-07:00,4434.5
2023-06-20 02:45:00-07:00,4435.5
2023-06-20 03:00:00-07:00,4437.75
2023-06-20 03:15:00-07:00,4435.5
2023-06-20 03:30:00-07:00,4436.75
2023-06-20 03:45:00-07:00,4438.75
2023-06-20 04:00:00-07:00,4438.25
2023-06-20 04:15:00-07:00,4440.25
2023-06-20 04:30:00-07:00,4440.5
2023-06-20 04:45:00-07:00,4440.75
2023-06-20 05:00:00-07:00,4441.5
2023-06-20 05:15:00-07:00,4441.75
2023-06-20 05:30:00-07:00,4440.75
2023-06-20 05:45:00-07:00,4443.75
2023-06-20 06:00:00-07:00,4443.0
2023-06-20 06:15:00-07:00,4435.25
2023-06-20 06:30:00-07:00,4438.25
2023-06-20 06:45:00-07:00,4433.25
2023-06-20 07:00:00-07:00,4428.25
2023-06-20 07:15:00-07:00,4413.0
2023-06-20 07:30:00-07:00,4418.75
2023-06-20 07:45:00-07:00,4418.0
2023-06-20 08:00:00-07:00,4419.5
2023-06-20 08:15:00-07:00,4419.25
2023-06-20 08:30:00-07:00,4420.5
2023-06-20 08:45:00-07:00,4421.0
2023-06-20 09:00:00-07:00,4424.25
2023-06-20 09:15:00-07:00,4433.0
2023-06-20 09:30:00-07:00,4438.0
2023-06-20 09:45:00-07:00,4439.0
2023-06-20 10:00:00-07:00,4438.75
2023-06-20 10:15:00-07:00,4441.5
2023-06-20 10:30:00-07:00,4440.5
2023-06-20 10:45:00-07:00,4435.25
2023-06-20 11:00:00-07:00,4435.5
2023-06-20 11:15:00-07:00,4440.75
2023-06-20 11:30:00-07:00,4435.25
2023-06-20 11:45:00-07:00,4437.25
2023-06-20 12:00:00-07:00,4436.5
2023-06-20 12:15:00-07:00,4436.0
2023-06-20 12:30:00-07:00,4437.5
2023-06-20 12:45:00-07:00,4434.0
2023-06-20 13:00:00-07:00,4429.75
2023-06-20 13:15:00-07:00,4432.25
2023-06-20 13:30:00-07:00,4431.75
2023-06-20 13:45:00-07:00,4430.5
2023-06-20 14:00:00-07:00,4430.5
2023-06-20 14:15:00-07:00,4430.5
2023-06-20 14:30:00-07:00,4430.5
2023-06-20 14:45:00-07:00,4430.5
2023-06-20 15:00:00-07:00,4431.0
2023-06-20 15:15:00-07:00,4432.25
2023-06-20 15:30:00-07:00,4432.25
2023-06-20 15:45:00-07:00,4431.5
2023-06-20 16:00:00-07:00,4432.75
2023-06-20 16:15:00-07:00,4433.5
2023-06-20 16:30:00-07:00,4435.25
2023-06-20 16:45:00-07:00,4435.75
2023-06-20 17:00:00-07:00,4435.25
2023-06-20 17:15:00-07:00,4436.5
2023-06-20 17:30:00-07:00,4437.25
2023-06-20 17:45:00-07:00,4436.75
2023-06-20 18:00:00-07:00,4436.75
2023-06-20 18:15:00-07:00,4436.75
2023-06-20 18:30:00-07:00,4435.75
2023-06-20 18:45:00-07:00,4437.0
2023-06-20 19:00:00-07:00,4436.25
2023-06-20 19:15:00-07:00,4436.5
2023-06-20 19:30:00-07:00,4433.75
2023-06-20 19:45:00-07:00,4433.75
2023-06-20 20:00:00-07:00,4433.75
2023-06-20 20:15:00-07:00,4434.0
2023-06-20 20:30:00-07:00,4433.25
2023-06-20 20:45:00-07:00,4434.5
2023-06-20 21:00:00-07:00,4434.75
2023-06-20 21:15:00-07:00,4435.5
2023-06-20 21:30:00-07:00,4435.75
2023-06-20 21:45:00-07:00,4436.25
2023-06-20 22:00:00-07:00,4435.25
2023-06-20 22:15:00-07:00,4433.5
2023-06-20 22:30:00-07:00,4432.25
2023-06-20 22:45:00-07:00,4432.5
2023-06-20 23:00:00-07:00,4430.5
2023-06-20 23:15:00-07:00,4430.0
2023-06-20 23:30:00-07:00,4428.75
2023-06-20 23:45:00-07:00,4427.5
2023-06-21 00:00:00-07:00,4428.5
2023-06-21 00:15:00-07:00,4432.0
2023-06-21 00:30:00-07:00,4429.75
2023-06-21 00:45:00-07:00,4430.25
2023-06-21 01:00:00-07:00,4432.0
2023-06-21 01:15:00-07:00,4433.0
2023-06-21 01:30:00-07:00,4433.0
2023-06-21 01:45:00-07:00,4433.0
2023-06-21 02:00:00-07:00,4432.75
2023-06-21 02:15:00-07:00,4432.75
2023-06-21 02:30:00-07:00,4434.75
2023-06-21 02:45:00-07:00,4434.0
2023-06-21 03:00:00-07:00,4435.75
2023-06-21 03:15:00-07:00,4436.25
2023-06-21 03:30:00-07:00,4434.75
2023-06-21 03:45:00-07:00,4433.75
2023-06-21 04:00:00-07:00,4432.0
2023-06-21 04:15:00-07:00,4431.25
2023-06-21 04:30:00-07:00,4432.0
2023-06-21 04:45:00-07:00,4431.0
2023-06-21 05:00:00-07:00,4426.75
2023-06-21 05:15:00-07:00,4422.5
2023-06-21 05:30:00-07:00,4423.0
2023-06-21 05:45:00-07:00,4421.75
2023-06-21 06:00:00-07:00,4420.0
2023-06-21 06:15:00-07:00,4421.75
2023-06-21 06:30:00-07:00,4414.5
2023-06-21 06:45:00-07:00,4412.5
2023-06-21 07:00:00-07:00,4413.0
2023-06-21 07:15:00-07:00,4413.75
2023-06-21 07:30:00-07:00,4409.75
2023-06-21 07:45:00-07:00,4413.0
2023-06-21 08:00:00-07:00,4407.25
2023-06-21 08:15:00-07:00,4413.5
2023-06-21 08:30:00-07:00,4415.75
2023-06-21 08:45:00-07:00,4411.5
2023-06-21 09:00:00-07:00,4417.25
2023-06-21 09:15:00-07:00,4419.25
2023-06-21 09:30:00-07:00,4417.75
2023-06-21 09:45:00-07:00,4413.5
2023-06-21 10:00:00-07:00,4413.0
2023-06-21 10:15:00-07:00,4411.5
2023-06-21 10:30:00-07:00,4413.5
2023-06-21 10:45:00-07:00,4419.25
2023-06-21 11:00:00-07:00,4421.25
2023-06-21 11:15:00-07:00,4427.25
2023-06-21 11:30:00-07:00,4426.5
2023-06-21 11:45:00-07:00,4425.75
2023-06-21 12:00:00-07:00,4423.0
2023-06-21 12:15:00-07:00,4417.5
2023-06-21 12:30:00-07:00,4413.5
2023-06-21 12:45:00-07:00,4409.5
2023-06-21 13:00:00-07:00,4410.5
2023-06-21 13:15:00-07:00,4409.5
2023-06-21 13:30:00-07:00,4410.0
2023-06-21 13:45:00-07:00,4410.0
2023-06-21 14:00:00-07:00,4410.0
2023-06-21 14:15:00-07:00,4410.0
2023-06-21 14:30:00-07:00,4410.0
2023-06-21 14:45:00-07:00,4410.0
2023-06-21 15:00:00-07:00,4410.5
2023-06-21 15:15:00-07:00,4408.75
2023-06-21 15:30:00-07:00,4408.75
2023-06-21 15:45:00-07:00,4409.0
2023-06-21 16:00:00-07:00,4411.0
2023-06-21 16:15:00-07:00,4410.75
2023-06-21 16:30:00-07:00,4411.0
2023-06-21 16:45:00-07:00,4410.5
2023-06-21 17:00:00-07:00,4412.25
2023-06-21 17:15:00-07:00,4411.75
2023-06-21 17:30:00-07:00,4410.25
2023-06-21 17:45:00-07:00,4410.0
2023-06-21 18:00:00-07:00,4409.5
2023-06-21 18:15:00-07:00,4408.25
2023-06-21 18:30:00-07:00,4407.75
2023-06-21 18:45:00-07:00,4406.75
2023-06-21 19:00:00-07:00,4403.0
2023-06-21 19:15:00-07:00,4405.25
2023-06-21 19:30:00-07:00,4406.75
2023-06-21 19:45:00-07:00,4406.5
2023-06-21 20:00:00-07:00,4406.5
2023-06-21 20:15:00-07:00,4405.0
2023-06-21 20:30:00-07:00,4407.5
2023-06-21 20:45:00-07:00,4408.25
2023-06-21 21:00:00-07:00,4406.75
2023-06-21 21:15:00-07:00,4405.25
2023-06-21 21:30:00-07:00,4406.0
2023-06-21 21:45:00-07:00,4404.25
2023-06-21 22:00:00-07:00,4401.0
2023-06-21 22:15:00-07:00,4401.5
2023-06-21 22:30:00-07:00,4400.75
2023-06-21 22:45:00-07:00,4402.25
2023-06-21 23:00:00-07:00,4396.75
2023-06-21 23:15:00-07:00,4398.5
2023-06-21 23:30:00-07:00,4398.25
2023-06-21 23:45:00-07:00,4398.5
2023-06-22 00:00:00-07:00,4394.25
2023-06-22 00:15:00-07:00,4396.0
2023-06-22 00:30:00-07:00,4398.0
2023-06-22 00:45:00-07:00,4396.5
2023-06-22 01:00:00-07:00,4399.5
2023-06-22 01:15:00-07:00,4400.5
2023-06-22 01:30:00-07:00,4400.25
2023-06-22 01:45:00-07:00,4399.0
2023-06-22 02:00:00-07:00,4401.0
2023-06-22 02:15:00-07:00,4399.25
2023-06-22 02:30:00-07:00,4401.5
2023-06-22 02:45:00-07:00,4402.0
2023-06-22 03:00:00-07:00,4399.75
2023-06-22 03:15:00-07:00,4399.25
2023-06-22 03:30:00-07:00,4396.5
2023-06-22 03:45:00-07:00,4397.0
2023-06-22 04:00:00-07:00,4394.0
2023-06-22 04:15:00-07:00,4394.25
2023-06-22 04:30:00-07:00,4397.75
2023-06-22 04:45:00-07:00,4398.75
2023-06-22 05:00:00-07:00,4397.75
2023-06-22 05:15:00-07:00,4397.75
2023-06-22 05:30:00-07:00,4400.5
2023-06-22 05:45:00-07:00,4397.75
2023-06-22 06:00:00-07:00,4396.5
2023-06-22 06:15:00-07:00,4398.0
2023-06-22 06:30:00-07:00,4401.0
2023-06-22 06:45:00-07:00,4406.25
2023-06-22 07:00:00-07:00,4415.75
2023-06-22 07:15:00-07:00,4414.5
2023-06-22 07:30:00-07:00,4402.75
2023-06-22 07:45:00-07:00,4403.25
2023-06-22 08:00:00-07:00,4407.5
2023-06-22 08:15:00-07:00,4406.75
2023-06-22 08:30:00-07:00,4415.75
2023-06-22 08:45:00-07:00,4414.0
2023-06-22 09:00:00-07:00,4409.0
2023-06-22 09:15:00-07:00,4411.0
2023-06-22 09:30:00-07:00,4411.0
2023-06-22 09:45:00-07:00,4410.75
2023-06-22 10:00:00-07:00,4405.75
2023-06-22 10:15:00-07:00,4408.5
2023-06-22 10:30:00-07:00,4412.75
2023-06-22 10:45:00-07:00,4415.0
2023-06-22 11:00:00-07:00,4415.75
2023-06-22 11:15:00-07:00,4418.0
2023-06-22 11:30:00-07:00,4419.75
2023-06-22 11:45:00-07:00,4422.5
2023-06-22 12:00:00-07:00,4420.5
2023-06-22 12:15:00-07:00,4414.25
2023-06-22 12:30:00-07:00,4419.25
2023-06-22 12:45:00-07:00,4423.75
2023-06-22 13:00:00-07:00,4421.75
2023-06-22 13:15:00-07:00,4423.0
2023-06-22 13:30:00-07:00,4425.0
2023-06-22 13:45:00-07:00,4425.25
2023-06-22 14:00:00-07:00,4425.25
2023-06-22 14:15:00-07:00,4425.25
2023-06-22 14:30:00-07:00,4425.25
2023-06-22 14:45:00-07:00,4425.25
2023-06-22 15:00:00-07:00,4424.0
2023-06-22 15:15:00-07:00,4426.0
2023-06-22 15:30:00-07:00,4425.75
2023-06-22 15:45:00-07:00,4425.5
2023-06-22 16:00:00-07:00,4425.5
2023-06-22 16:15:00-07:00,4425.0
2023-06-22 16:30:00-07:00,4425.25
2023-06-22 16:45:00-07:00,4423.75
2023-06-22 17:00:00-07:00,4422.25
2023-06-22 17:15:00-07:00,4421.25
2023-06-22 17:30:00-07:00,4420.75
2023-06-22 17:45:00-07:00,4420.75
2023-06-22 18:00:00-07:00,4420.0
2023-06-22 18:15:00-07:00,4419.25
2023-06-22 18:30:00-07:00,4413.75
2023-06-22 18:45:00-07:00,4412.75
2023-06-22 19:00:00-07:00,4411.75
2023-06-22 19:15:00-07:00,4410.5
2023-06-22 19:30:00-07:00,4408.5
2023-06-22 19:45:00-07:00,4408.5
2023-06-22 20:00:00-07:00,4409.0
2023-06-22 20:15:00-07:00,4409.25
2023-06-22 20:30:00-07:00,4408.75
2023-06-22 20:45:00-07:00,4405.75
2023-06-22 21:00:00-07:00,4405.0
2023-06-22 21:15:00-07:00,4400.75
2023-06-22 21:30:00-07:00,4404.75
2023-06-22 21:45:00-07:00,4403.25
2023-06-22 22:00:00-07:00,4404.0
2023-06-22 22:15:00-07:00,4402.25
2023-06-22 22:30:00-07:00,4405.0
2023-06-22 22:45:00-07:00,4406.5
2023-06-22 23:00:00-07:00,4405.25
2023-06-22 23:15:00-07:00,4405.0
2023-06-22 23:30:00-07:00,4405.5
2023-06-22 23:45:00-07:00,4406.5
2023-06-23 00:00:00-07:00,4410.0
2023-06-23 00:15:00-07:00,4407.5
2023-06-23 00:30:00-07:00,4400.0
2023-06-23 00:45:00-07:00,4402.75
2023-06-23 01:00:00-07:00,4404.75
2023-06-23 01:15:00-07:00,4402.5
2023-06-23 01:30:00-07:00,4405.25
2023-06-23 01:45:00-07:00,4400.75
2023-06-23 02:00:00-07:00,4401.75
2023-06-23 02:15:00-07:00,4400.75
2023-06-23 02:30:00-07:00,4402.25
2023-06-23 02:45:00-07:00,4404.25
2023-06-23 03:00:00-07:00,4402.0
2023-06-23 03:15:00-07:00,4402.0
2023-06-23 03:30:00-07:00,4400.0
2023-06-23 03:45:00-07:00,4400.75
2023-06-23 04:00:00-07:00,4405.25
2023-06-23 04:15:00-07:00,4405.5
2023-06-23 04:30:00-07:00,4404.0
2023-06-23 04:45:00-07:00,4403.25
2023-06-23 05:00:00-07:00,4399.25
2023-06-23 05:15:00-07:00,4397.75
2023-06-23 05:30:00-07:00,4389.75
2023-06-23 05:45:00-07:00,4388.75
2023-06-23 06:00:00-07:00,4391.0
2023-06-23 06:15:00-07:00,4386.0
2023-06-23 06:30:00-07:00,4389.25
2023-06-23 06:45:00-07:00,4391.25
2023-06-23 07:00:00-07:00,4392.75
2023-06-23 07:15:00-07:00,4394.0
2023-06-23 07:30:00-07:00,4398.75
2023-06-23 07:45:00-07:00,4392.75
2023-06-23 08:00:00-07:00,4390.0
2023-06-23 08:15:00-07:00,4388.75
2023-06-23 08:30:00-07:00,4395.5
2023-06-23 08:45:00-07:00,4395.75
2023-06-23 09:00:00-07:00,4397.0
2023-06-23 09:15:00-07:00,4402.5
2023-06-23 09:30:00-07:00,4402.5
2023-06-23 09:45:00-07:00,4402.75
2023-06-23 10:00:00-07:00,4405.0
2023-06-23 10:15:00-07:00,4405.5
2023-06-23 10:30:00-07:00,4405.0
2023-06-23 10:45:00-07:00,4403.25
2023-06-23 11:00:00-07:00,4398.0
2023-06-23 11:15:00-07:00,4397.25
2023-06-23 11:30:00-07:00,4390.25
2023-06-23 11:45:00-07:00,4386.75
2023-06-23 12:00:00-07:00,4390.0
2023-06-23 12:15:00-07:00,4389.0
2023-06-23 12:30:00-07:00,4394.25
2023-06-23 12:45:00-07:00,4390.25
2023-06-23 13:00:00-07:00,4388.0
2023-06-23 13:15:00-07:00,4386.5
2023-06-23 13:30:00-07:00,4387.5
2023-06-23 13:45:00-07:00,4388.5
2023-06-23 14:00:00-07:00,4388.5
2023-06-23 14:15:00-07:00,4388.5
2023-06-23 14:30:00-07:00,4388.5
2023-06-23 14:45:00-07:00,4388.5
2023-06-23 15:00:00-07:00,4388.5
2023-06-23 15:15:00-07:00,4388.5
2023-06-23 15:30:00-07:00,4388.5
2023-06-23 15:45:00-07:00,4388.5
2023-06-23 16:00:00-07:00,4388.5
2023-06-23 16:15:00-07:00,4388.5
2023-06-23 16:30:00-07:00,4388.5
2023-06-23 16:45:00-07:00,4388.5
2023-06-23 17:00:00-07:00,4388.5
2023-06-23 17:15:00-07:00,4388.5
2023-06-23 17:30:00-07:00,4388.5
2023-06-23 17:45:00-07:00,4388.5
2023-06-23 18:00:00-07:00,4388.5
2023-06-23 18:15:00-07:00,4388.5
2023-06-23 18:30:00-07:00,4388.5
2023-06-23 18:45:00-07:00,4388.5
2023-06-23 19:00:00-07:00,4388.5
2023-06-23 19:15:00-07:00,4388.5
2023-06-23 19:30:00-07:00,4388.5
2023-06-23 19:45:00-07:00,4388.5
2023-06-23 20:00:00-07:00,4388.5
2023-06-23 20:15:00-07:00,4388.5
2023-06-23 20:30:00-07:00,4388.5
2023-06-23 20:45:00-07:00,4388.5
2023-06-23 21:00:00-07:00,4388.5
2023-06-23 21:15:00-07:00,4388.5
2023-06-23 21:30:00-07:00,4388.5
2023-06-23 21:45:00-07:00,4388.5
2023-06-23 22:00:00-07:00,4388.5
2023-06-23 22:15:00-07:00,4388.5
2023-06-23 22:30:00-07:00,4388.5
2023-06-23 22:45:00-07:00,4388.5
2023-06-23 23:00:00-07:00,4388.5
2023-06-23 23:15:00-07:00,4388.5
2023-06-23 23:30:00-07:00,4388.5
2023-06-23 23:45:00-07:00,4388.5
2023-06-24 00:00:00-07:00,4388.5
2023-06-24 00:15:00-07:00,4388.5
2023-06-24 00:30:00-07:00,4388.5
2023-06-24 00:45:00-07:00,4388.5
2023-06-24 01:00:00-07:00,4388.5
2023-06-24 01:15:00-07:00,4388.5
2023-06-24 01:30:00-07:00,4388.5
2023-06-24 01:45:00-07:00,4388.5
2023-06-24 02:00:00-07:00,4388.5
2023-06-24 02:15:00-07:00,4388.5
2023-06-24 02:30:00-07:00,4388.5
2023-06-24 02:45:00-07:00,4388.5
2023-06-24 03:00:00-07:00,4388.5
2023-06-24 03:15:00-07:00,4388.5
2023-06-24 03:30:00-07:00,4388.5
2023-06-24 03:45:00-07:00,4388.5
2023-06-24 04:00:00-07:00,4388.5
2023-06-24 04:15:00-07:00,4388.5
2023-06-24 04:30:00-07:00,4388.5
2023-06-24 04:45:00-07:00,4388.5
2023-06-24 05:00:00-07:00,4388.5
2023-06-24 05:15:00-07:00,4388.5
2023-06-24 05:30:00-07:00,4388.5
2023-06-24 05:45:00-07:00,4388.5
2023-06-24 06:00:00-07:00,4388.5
2023-06-24 06:15:00-07:00,4388.5
2023-06-24 06:30:00-07:00,4388.5
2023-06-24 06:45:00-07:00,4388.5
2023-06-24 07:00:00-07:00,4388.5
2023-06-24 07:15:00-07:00,4388.5
2023-06-24 07:30:00-07:00,4388.5
2023-06-24 07:45:00-07:00,4388.5
2023-06-24 08:00:00-07:00,4388.5
2023-06-24 08:15:00-07:00,4388.5
2023-06-24 08:30:00-07:00,4388.5
2023-06-24 08:45:00-07:00,4388.5
2023-06-24 09:00:00-07:00,4388.5
2023-06-24 09:15:00-07:00,4388.5
2023-06-24 09:30:00-07:00,4388.5
2023-06-24 09:45:00-07:00,4388.5
2023-06-24 10:00:00-07:00,4388.5
2023-06-24 10:15:00-07:00,4388.5
2023-06-24 10:30:00-07:00,4388.5
2023-06-24 10:45:00-07:00,4388.5
2023-06-24 11:00:00-07:00,4388.5
2023-06-24 11:15:00-07:00,4388.5
2023-06-24 11:30:00-07:00,4388.5
2023-06-24 11:45:00-07:00,4388.5
2023-06-24 12:00:00-07:00,4388.5
2023-06-24 12:15:00-07:00,4388.5
2023-06-24 12:30:00-07:00,4388.5
2023-06-24 12:45:00-07:00,4388.5
2023-06-24 13:00:00-07:00,4388.5
2023-06-24 13:15:00-07:00,4388.5
2023-06-24 13:30:00-07:00,4388.5
2023-06-24 13:45:00-07:00,4388.5
2023-06-24 14:00:00-07:00,4388.5
2023-06-24 14:15:00-07:00,4388.5
2023-06-24 14:30:00-07:00,4388.5
2023-06-24 14:45:00-07:00,4388.5
2023-06-24 15:00:00-07:00,4388.5
2023-06-24 15:15:00-07:00,4388.5
2023-06-24 15:30:00-07:00,4388.5
2023-06-24 15:45:00-07:00,4388.5
2023-06-24 16:00:00-07:00,4388.5
2023-06-24 16:15:00-07:00,4388.5
2023-06-24 16:30:00-07:00,4388.5
2023-06-24 16:45:00-07:00,4388.5
2023-06-24 17:00:00-07:00,4388.5
2023-06-24 17:15:00-07:00,4388.5
2023-06-24 17:30:00-07:00,4388.5
2023-06-24 17:45:00-07:00,4388.5
2023-06-24 18:00:00-07:00,4388.5
2023-06-24 18:15:00-07:00,4388.5
2023-06-24 18:30:00-07:00,4388.5
2023-06-24 18:45:00-07:00,4388.5
2023-06-24 19:00:00-07:00,4388.5
2023-06-24 19:15:00-07:00,4388.5
2023-06-24 19:30:00-07:00,4388.5
2023-06-24 19:45:00-07:00,4388.5
2023-06-24 20:00:00-07:00,4388.5
2023-06-24 20:15:00-07:00,4388.5
2023-06-24 20:30:00-07:00,4388.5
2023-06-24 20:45:00-07:00,4388.5
2023-06-24 21:00:00-07:00,4388.5
2023-06-24 21:15:00-07:00,4388.5
2023-06-24 21:30:00-07:00,4388.5
2023-06-24 21:45:00-07:00,4388.5
2023-06-24 22:00:00-07:00,4388.5
2023-06-24 22:15:00-07:00,4388.5
2023-06-24 22:30:00-07:00,4388.5
2023-06-24 22:45:00-07:00,4388.5
2023-06-24 23:00:00-07:00,4388.5
2023-06-24 23:15:00-07:00,4388.5
2023-06-24 23:30:00-07:00,4388.5
2023-06-24 23:45:00-07:00,4388.5
2023-06-25 00:00:00-07:00,4388.5
2023-06-25 00:15:00-07:00,4388.5
2023-06-25 00:30:00-07:00,4388.5
2023-06-25 00:45:00-07:00,4388.5
2023-06-25 01:00:00-07:00,4388.5
2023-06-25 01:15:00-07:00,4388.5
2023-06-25 01:30:00-07:00,4388.5
2023-06-25 01:45:00-07:00,4388.5
2023-06-25 02:00:00-07:00,4388.5
2023-06-25 02:15:00-07:00,4388.5
2023-06-25 02:30:00-07:00,4388.5
2023-06-25 02:45:00-07:00,4388.5
2023-06-25 03:00:00-07:00,4388.5
2023-06-25 03:15:00-07:00,4388.5
2023-06-25 03:30:00-07:00,4388.5
2023-06-25 03:45:00-07:00,4388.5
2023-06-25 04:00:00-07:00,4388.5
2023-06-25 04:15:00-07:00,4388.5
2023-06-25 04:30:00-07:00,4388.5
2023-06-25 04:45:00-07:00,4388.5
2023-06-25 05:00:00-07:00,4388.5
2023-06-25 05:15:00-07:00,4388.5
2023-06-25 05:30:00-07:00,4388.5
2023-06-25 05:45:00-07:00,4388.5
2023-06-25 06:00:00-07:00,4388.5
2023-06-25 06:15:00-07:00,4388.5
2023-06-25 06:30:00-07:00,4388.5
2023-06-25 06:45:00-07:00,4388.5
2023-06-25 07:00:00-07:00,4388.5
2023-06-25 07:15:00-07:00,4388.5
2023-06-25 07:30:00-07:00,4388.5
2023-06-25 07:45:00-07:00,4388.5
2023-06-25 08:00:00-07:00,4388.5
2023-06-25 08:15:00-07:00,4388.5
2023-06-25 08:30:00-07:00,4388.5
2023-06-25 08:45:00-07:00,4388.5
2023-06-25 09:00:00-07:00,4388.5
2023-06-25 09:15:00-07:00,4388.5
2023-06-25 09:30:00-07:00,4388.5
2023-06-25 09:45:00-07:00,4388.5
2023-06-25 10:00:00-07:00,4388.5
2023-06-25 10:15:00-07:00,4388.5
2023-06-25 10:30:00-07:00,4388.5
2023-06-25 10:45:00-07:00,4388.5
2023-06-25 11:00:00-07:00,4388.5
2023-06-25 11:15:00-07:00,4388.5
2023-06-25 11:30:00-07:00,4388.5
2023-06-25 11:45:00-07:00,4388.5
2023-06-25 12:00:00-07:00,4388.5
2023-06-25 12:15:00-07:00,4388.5
2023-06-25 12:30:00-07:00,4388.5
2023-06-25 12:45:00-07:00,4388.5
2023-06-25 13:00:00-07:00,4388.5
2023-06-25 13:15:00-07:00,4388.5
2023-06-25 13:30:00-07:00,4388.5
2023-06-25 13:45:00-07:00,4388.5
2023-06-25 14:00:00-07:00,4388.5
2023-06-25 14:15:00-07:00,4388.5
2023-06-25 14:30:00-07:00,4388.5
2023-06-25 14:45:00-07:00,4388.5
2023-06-25 15:00:00-07:00,4393.25
2023-06-25 15:15:00-07:00,4393.5
2023-06-25 15:30:00-07:00,4395.25
2023-06-25 15:45:00-07:00,4397.25
2023-06-25 16:00:00-07:00,4398.25
2023-06-25 16:15:00-07:00,4398.5
2023-06-25 16:30:00-07:00,4397.75
2023-06-25 16:45:00-07:00,4397.75
2023-06-25 17:00:00-07:00,4394.25
2023-06-25 17:15:00-07:00,4396.75
2023-06-25 17:30:00-07:00,4396.5
2023-06-25 17:45:00-07:00,4397.25
2023-06-25 18:00:00-07:00,4394.75
2023-06-25 18:15:00-07:00,4397.5
2023-06-25 18:30:00-07:00,4400.25
2023-06-25 18:45:00-07:00,4397.75
2023-06-25 19:00:00-07:00,4399.25
2023-06-25 19:15:00-07:00,4398.5
2023-06-25 19:30:00-07:00,4399.5
2023-06-25 19:45:00-07:00,4399.75
2023-06-25 20:00:00-07:00,4402.0
2023-06-25 20:15:00-07:00,4402.0
2023-06-25 20:30:00-07:00,4400.0
2023-06-25 20:45:00-07:00,4400.25
2023-06-25 21:00:00-07:00,4400.0
2023-06-25 21:15:00-07:00,4398.25
2023-06-25 21:30:00-07:00,4398.5
2023-06-25 21:45:00-07:00,4397.25
2023-06-25 22:00:00-07:00,4396.0
2023-06-25 22:15:00-07:00,4395.25
2023-06-25 22:30:00-07:00,4396.0
2023-06-25 22:45:00-07:00,4396.0
2023-06-25 23:00:00-07:00,4394.75
2023-06-25 23:15:00-07:00,4394.25
2023-06-25 23:30:00-07:00,4393.25
2023-06-25 23:45:00-07:00,4395.0
2023-06-26 00:00:00-07:00,4384.0
2023-06-26 00:15:00-07:00,4382.5
2023-06-26 00:30:00-07:00,4380.5
2023-06-26 00:45:00-07:00,4385.0
2023-06-26 01:00:00-07:00,4381.5
2023-06-26 01:15:00-07:00,4379.0
2023-06-26 01:30:00-07:00,4380.0
2023-06-26 01:45:00-07:00,4378.25
2023-06-26 02:00:00-07:00,4380.0
2023-06-26 02:15:00-07:00,4382.5
2023-06-26 02:30:00-07:00,4385.0
2023-06-26 02:45:00-07:00,4384.75
2023-06-26 03:00:00-07:00,4383.75
2023-06-26 03:15:00-07:00,4382.5
2023-06-26 03:30:00-07:00,4384.5
2023-06-26 03:45:00-07:00,4381.5
2023-06-26 04:00:00-07:00,4383.5
2023-06-26 04:15:00-07:00,4384.0
2023-06-26 04:30:00-07:00,4385.25
2023-06-26 04:45:00-07:00,4387.5
2023-06-26 05:00:00-07:00,4385.25
2023-06-26 05:15:00-07:00,4388.5
2023-06-26 05:30:00-07:00,4387.5
2023-06-26 05:45:00-07:00,4386.25
2023-06-26 06:00:00-07:00,4386.0
2023-06-26 06:15:00-07:00,4383.0
2023-06-26 06:30:00-07:00,4397.5
2023-06-26 06:45:00-07:00,4399.25
2023-06-26 07:00:00-07:00,4399.75
2023-06-26 07:15:00-07:00,4396.5
2023-06-26 07:30:00-07:00,4386.25
2023-06-26 07:45:00-07:00,4391.25
2023-06-26 08:00:00-07:00,4384.25
2023-06-26 08:15:00-07:00,4381.25
2023-06-26 08:30:00-07:00,4381.75
2023-06-26 08:45:00-07:00,4388.0
2023-06-26 09:00:00-07:00,4378.5
2023-06-26 09:15:00-07:00,4379.5
2023-06-26 09:30:00-07:00,4375.0
2023-06-26 09:45:00-07:00,4380.5
2023-06-26 10:00:00-07:00,4377.75
2023-06-26 10:15:00-07:00,4382.25
2023-06-26 10:30:00-07:00,4380.0
2023-06-26 10:45:00-07:00,4378.25
2023-06-26 11:00:00-07:00,4376.75
2023-06-26 11:15:00-07:00,4377.5
2023-06-26 11:30:00-07:00,4384.75
2023-06-26 11:45:00-07:00,4383.0
2023-06-26 12:00:00-07:00,4384.5
2023-06-26 12:15:00-07:00,4383.0
2023-06-26 12:30:00-07:00,4378.5
2023-06-26 12:45:00-07:00,4371.25
2023-06-26 13:00:00-07:00,4374.5
2023-06-26 13:15:00-07:00,4373.75
2023-06-26 13:30:00-07:00,4373.25
2023-06-26 13:45:00-07:00,4374.75
2023-06-26 14:00:00-07:00,4374.75
2023-06-26 14:15:00-07:00,4374.75
2023-06-26 14:30:00-07:00,4374.75
2023-06-26 14:45:00-07:00,4374.75
2023-06-26 15:00:00-07:00,4376.0
2023-06-26 15:15:00-07:00,4374.5
2023-06-26 15:30:00-07:00,4376.25
2023-06-26 15:45:00-07:00,4377.0
2023-06-26 16:00:00-07:00,4377.25
2023-06-26 16:15:00-07:00,4377.5
2023-06-26 16:30:00-07:00,4378.0
2023-06-26 16:45:00-07:00,4379.25
2023-06-26 17:00:00-07:00,4378.5
2023-06-26 17:15:00-07:00,4376.75
2023-06-26 17:30:00-07:00,4377.0
2023-06-26 17:45:00-07:00,4376.0
2023-06-26 18:00:00-07:00,4375.0
2023-06-26 18:15:00-07:00,4375.0
2023-06-26 18:30:00-07:00,4377.5
2023-06-26 18:45:00-07:00,4379.25
2023-06-26 19:00:00-07:00,4379.75
2023-06-26 19:15:00-07:00,4379.0
2023-06-26 19:30:00-07:00,4378.25
2023-06-26 19:45:00-07:00,4379.25
2023-06-26 20:00:00-07:00,4379.0
2023-06-26 20:15:00-07:00,4379.25
2023-06-26 20:30:00-07:00,4380.5
2023-06-26 20:45:00-07:00,4378.75
2023-06-26 21:00:00-07:00,4379.5
2023-06-26 21:15:00-07:00,4380.0
2023-06-26 21:30:00-07:00,4380.25
2023-06-26 21:45:00-07:00,4380.25
2023-06-26 22:00:00-07:00,4381.0
2023-06-26 22:15:00-07:00,4382.25
2023-06-26 22:30:00-07:00,4381.25
2023-06-26 22:45:00-07:00,4383.5
2023-06-26 23:00:00-07:00,4383.75
2023-06-26 23:15:00-07:00,4383.5
2023-06-26 23:30:00-07:00,4385.0
2023-06-26 23:45:00-07:00,4382.5
2023-06-27 00:00:00-07:00,4387.5
2023-06-27 00:15:00-07:00,4384.0
2023-06-27 00:30:00-07:00,4381.25
2023-06-27 00:45:00-07:00,4381.5
2023-06-27 01:00:00-07:00,4382.0
2023-06-27 01:15:00-07:00,4381.0
2023-06-27 01:30:00-07:00,4377.5
2023-06-27 01:45:00-07:00,4378.25
2023-06-27 02:00:00-07:00,4377.25
2023-06-27 02:15:00-07:00,4379.0
2023-06-27 02:30:00-07:00,4378.0
2023-06-27 02:45:00-07:00,4377.75
2023-06-27 03:00:00-07:00,4377.75
2023-06-27 03:15:00-07:00,4377.75
2023-06-27 03:30:00-07:00,4380.0
2023-06-27 03:45:00-07:00,4381.0
2023-06-27 04:00:00-07:00,4378.5
2023-06-27 04:15:00-07:00,4376.25
2023-06-27 04:30:00-07:00,4374.75
2023-06-27 04:45:00-07:00,4373.5
2023-06-27 05:00:00-07:00,4373.0
2023-06-27 05:15:00-07:00,4374.25
2023-06-27 05:30:00-07:00,4380.5
2023-06-27 05:45:00-07:00,4377.0
2023-06-27 06:00:00-07:00,4379.0
2023-06-27 06:15:00-07:00,4379.25
2023-06-27 06:30:00-07:00,4385.25
2023-06-27 06:45:00-07:00,4383.25
2023-06-27 07:00:00-07:00,4379.5
2023-06-27 07:15:00-07:00,4383.75
2023-06-27 07:30:00-07:00,4385.0
2023-06-27 07:45:00-07:00,4389.5
2023-06-27 08:00:00-07:00,4386.5
2023-06-27 08:15:00-07:00,4394.25
2023-06-27 08:30:00-07:00,4396.75
2023-06-27 08:45:00-07:00,4398.25
2023-06-27 09:00:00-07:00,4399.5
2023-06-27 09:15:00-07:00,4402.5
2023-06-27 09:30:00-07:00,4407.75
2023-06-27 09:45:00-07:00,4407.25
2023-06-27 10:00:00-07:00,4407.75
2023-06-27 10:15:00-07:00,4412.0
2023-06-27 10:30:00-07:00,4415.5
2023-06-27 10:45:00-07:00,4419.0
2023-06-27 11:00:00-07:00,4421.25
2023-06-27 11:15:00-07:00,4421.5
2023-06-27 11:30:00-07:00,4419.25
2023-06-27 11:45:00-07:00,4418.0
2023-06-27 12:00:00-07:00,4421.75
2023-06-27 12:15:00-07:00,4424.25
2023-06-27 12:30:00-07:00,4422.25
2023-06-27 12:45:00-07:00,4418.0
2023-06-27 13:00:00-07:00,4415.5
2023-06-27 13:15:00-07:00,4414.75
2023-06-27 13:30:00-07:00,4414.5
2023-06-27 13:45:00-07:00,4414.75
2023-06-27 14:00:00-07:00,4414.75
2023-06-27 14:15:00-07:00,4414.75
2023-06-27 14:30:00-07:00,4414.75
2023-06-27 14:45:00-07:00,4414.75
2023-06-27 15:00:00-07:00,4413.5
2023-06-27 15:15:00-07:00,4413.0
2023-06-27 15:30:00-07:00,4411.75
2023-06-27 15:45:00-07:00,4411.5
2023-06-27 16:00:00-07:00,4409.75
2023-06-27 16:15:00-07:00,4410.5
2023-06-27 16:30:00-07:00,4411.0
2023-06-27 16:45:00-07:00,4411.0
2023-06-27 17:00:00-07:00,4412.25
2023-06-27 17:15:00-07:00,4410.0
2023-06-27 17:30:00-07:00,4408.5
2023-06-27 17:45:00-07:00,4409.25
2023-06-27 18:00:00-07:00,4409.25
2023-06-27 18:15:00-07:00,4408.5
2023-06-27 18:30:00-07:00,4409.0
2023-06-27 18:45:00-07:00,4408.25
2023-06-27 19:00:00-07:00,4408.0
2023-06-27 19:15:00-07:00,4408.75
2023-06-27 19:30:00-07:00,4412.5
2023-06-27 19:45:00-07:00,4411.25
2023-06-27 20:00:00-07:00,4412.25
2023-06-27 20:15:00-07:00,4411.0
2023-06-27 20:30:00-07:00,4411.5
2023-06-27 20:45:00-07:00,4411.25
2023-06-27 21:00:00-07:00,4410.75
2023-06-27 21:15:00-07:00,4409.0
2023-06-27 21:30:00-07:00,4409.75
2023-06-27 21:45:00-07:00,4409.75
2023-06-27 22:00:00-07:00,4409.75
2023-06-27 22:15:00-07:00,4410.5
2023-06-27 22:30:00-07:00,4413.0
2023-06-27 22:45:00-07:00,4412.75
2023-06-27 23:00:00-07:00,4413.0
2023-06-27 23:15:00-07:00,4411.25
2023-06-27 23:30:00-07:00,4410.75
2023-06-27 23:45:00-07:00,4411.5
2023-06-28 00:00:00-07:00,4411.0
2023-06-28 00:15:00-07:00,4411.5
2023-06-28 00:30:00-07:00,4413.5
2023-06-28 00:45:00-07:00,4410.25
2023-06-28 01:00:00-07:00,4411.5
2023-06-28 01:15:00-07:00,4411.5
2023-06-28 01:30:00-07:00,4407.75
2023-06-28 01:45:00-07:00,4407.5
2023-06-28 02:00:00-07:00,4407.75
2023-06-28 02:15:00-07:00,4408.75
2023-06-28 02:30:00-07:00,4410.0
2023-06-28 02:45:00-07:00,4409.75
2023-06-28 03:00:00-07:00,4411.5
2023-06-28 03:15:00-07:00,4414.0
2023-06-28 03:30:00-07:00,4410.5
2023-06-28 03:45:00-07:00,4413.0
2023-06-28 04:00:00-07:00,4416.0
2023-06-28 04:15:00-07:00,4414.75
2023-06-28 04:30:00-07:00,4413.0
2023-06-28 04:45:00-07:00,4410.25
2023-06-28 05:00:00-07:00,4410.25
2023-06-28 05:15:00-07:00,4411.75
2023-06-28 05:30:00-07:00,4407.25
2023-06-28 05:45:00-07:00,4408.25
2023-06-28 06:00:00-07:00,4407.25
2023-06-28 06:15:00-07:00,4406.0
2023-06-28 06:30:00-07:00,4404.5
2023-06-28 06:45:00-07:00,4407.5
2023-06-28 07:00:00-07:00,4403.0
2023-06-28 07:15:00-07:00,4410.75
2023-06-28 07:30:00-07:00,4416.0
2023-06-28 07:45:00-07:00,4414.25
2023-06-28 08:00:00-07:00,4413.5
2023-06-28 08:15:00-07:00,4416.0
2023-06-28 08:30:00-07:00,4422.75
2023-06-28 08:45:00-07:00,4422.0
2023-06-28 09:00:00-07:00,4427.75
2023-06-28 09:15:00-07:00,4421.0
2023-06-28 09:30:00-07:00,4409.5
2023-06-28 09:45:00-07:00,4406.75
2023-06-28 10:00:00-07:00,4407.25
2023-06-28 10:15:00-07:00,4413.25
2023-06-28 10:30:00-07:00,4409.0
2023-06-28 10:45:00-07:00,4409.25
2023-06-28 11:00:00-07:00,4413.0
2023-06-28 11:15:00-07:00,4413.75
2023-06-28 11:30:00-07:00,4413.25
2023-06-28 11:45:00-07:00,4411.0
2023-06-28 12:00:00-07:00,4410.5
2023-06-28 12:15:00-07:00,4409.25
2023-06-28 12:30:00-07:00,4409.5
2023-06-28 12:45:00-07:00,4420.75
2023-06-28 13:00:00-07:00,4423.5
2023-06-28 13:15:00-07:00,4423.25
2023-06-28 13:30:00-07:00,4423.25
2023-06-28 13:45:00-07:00,4422.75
2023-06-28 14:00:00-07:00,4422.75
2023-06-28 14:15:00-07:00,4422.75
2023-06-28 14:30:00-07:00,4422.75
2023-06-28 14:45:00-07:00,4422.75
2023-06-28 15:00:00-07:00,4424.25
2023-06-28 15:15:00-07:00,4429.5
2023-06-28 15:30:00-07:00,4428.0
2023-06-28 15:45:00-07:00,4428.0
2023-06-28 16:00:00-07:00,4428.0
2023-06-28 16:15:00-07:00,4427.5
2023-06-28 16:30:00-07:00,4427.0
2023-06-28 16:45:00-07:00,4426.25
2023-06-28 17:00:00-07:00,4427.75
2023-06-28 17:15:00-07:00,4427.5
2023-06-28 17:30:00-07:00,4426.75
2023-06-28 17:45:00-07:00,4427.0
2023-06-28 18:00:00-07:00,4427.0
2023-06-28 18:15:00-07:00,4428.25
2023-06-28 18:30:00-07:00,4426.25
2023-06-28 18:45:00-07:00,4424.75
2023-06-28 19:00:00-07:00,4422.75
2023-06-28 19:15:00-07:00,4423.25
2023-06-28 19:30:00-07:00,4424.0
2023-06-28 19:45:00-07:00,4421.75
2023-06-28 20:00:00-07:00,4421.75
2023-06-28 20:15:00-07:00,4422.25
2023-06-28 20:30:00-07:00,4420.0
2023-06-28 20:45:00-07:00,4420.5
2023-06-28 21:00:00-07:00,4421.0
2023-06-28 21:15:00-07:00,4421.0
2023-06-28 21:30:00-07:00,4420.75
2023-06-28 21:45:00-07:00,4420.0
2023-06-28 22:00:00-07:00,4420.75
2023-06-28 22:15:00-07:00,4418.75
2023-06-28 22:30:00-07:00,4417.75
2023-06-28 22:45:00-07:00,4419.75
2023-06-28 23:00:00-07:00,4419.0
2023-06-28 23:15:00-07:00,4416.5
2023-06-28 23:30:00-07:00,4418.5
2023-06-28 23:45:00-07:00,4417.25
2023-06-29 00:00:00-07:00,4418.0
2023-06-29 00:15:00-07:00,4416.0
2023-06-29 00:30:00-07:00,4416.25
2023-06-29 00:45:00-07:00,4417.0
2023-06-29 01:00:00-07:00,4420.75
2023-06-29 01:15:00-07:00,4422.0
2023-06-29 01:30:00-07:00,4422.75
2023-06-29 01:45:00-07:00,4423.5
2023-06-29 02:00:00-07:00,4423.25
2023-06-29 02:15:00-07:00,4423.25
2023-06-29 02:30:00-07:00,4425.75
2023-06-29 02:45:00-07:00,4427.25
2023-06-29 03:00:00-07:00,4429.5
2023-06-29 03:15:00-07:00,4430.25
2023-06-29 03:30:00-07:00,4431.0
2023-06-29 03:45:00-07:00,4430.25
2023-06-29 04:00:00-07:00,4430.5
2023-06-29 04:15:00-07:00,4432.25
2023-06-29 04:30:00-07:00,4429.25
2023-06-29 04:45:00-07:00,4430.0
2023-06-29 05:00:00-07:00,4428.5
2023-06-29 05:15:00-07:00,4432.25
2023-06-29 05:30:00-07:00,4428.0
2023-06-29 05:45:00-07:00,4422.0
2023-06-29 06:00:00-07:00,4415.25
2023-06-29 06:15:00-07:00,4414.0
2023-06-29 06:30:00-07:00,4418.25
2023-06-29 06:45:00-07:00,4421.25
2023-06-29 07:00:00-07:00,4421.0
2023-06-29 07:15:00-07:00,4420.75
2023-06-29 07:30:00-07:00,4419.0
2023-06-29 07:45:00-07:00,4418.0
2023-06-29 08:00:00-07:00,4425.5
2023-06-29 08:15:00-07:00,4430.75
2023-06-29 08:30:00-07:00,4428.5
2023-06-29 08:45:00-07:00,4431.75
2023-06-29 09:00:00-07:00,4429.5
2023-06-29 09:15:00-07:00,4435.5
2023-06-29 09:30:00-07:00,4436.0
2023-06-29 09:45:00-07:00,4431.25
2023-06-29 10:00:00-07:00,4429.0
2023-06-29 10:15:00-07:00,4431.75
2023-06-29 10:30:00-07:00,4429.0
2023-06-29 10:45:00-07:00,4425.25
2023-06-29 11:00:00-07:00,4423.25
2023-06-29 11:15:00-07:00,4426.75
2023-06-29 11:30:00-07:00,4426.0
2023-06-29 11:45:00-07:00,4428.5
2023-06-29 12:00:00-07:00,4430.0
2023-06-29 12:15:00-07:00,4431.25
2023-06-29 12:30:00-07:00,4426.25
2023-06-29 12:45:00-07:00,4436.5
2023-06-29 13:00:00-07:00,4436.25
2023-06-29 13:15:00-07:00,4437.5
2023-06-29 13:30:00-07:00,4437.75
2023-06-29 13:45:00-07:00,4435.75
2023-06-29 14:00:00-07:00,4435.75
2023-06-29 14:15:00-07:00,4435.75
2023-06-29 14:30:00-07:00,4435.75
2023-06-29 14:45:00-07:00,4435.75
2023-06-29 15:00:00-07:00,4434.25
2023-06-29 15:15:00-07:00,4436.0
2023-06-29 15:30:00-07:00,4435.0
2023-06-29 15:45:00-07:00,4435.75
2023-06-29 16:00:00-07:00,4436.25
2023-06-29 16:15:00-07:00,4436.75
2023-06-29 16:30:00-07:00,4436.5
2023-06-29 16:45:00-07:00,4437.25
2023-06-29 17:00:00-07:00,4433.0
2023-06-29 17:15:00-07:00,4434.25
2023-06-29 17:30:00-07:00,4434.75
2023-06-29 17:45:00-07:00,4435.25
2023-06-29 18:00:00-07:00,4438.5
2023-06-29 18:15:00-07:00,4439.5
2023-06-29 18:30:00-07:00,4439.0
2023-06-29 18:45:00-07:00,4439.5
2023-06-29 19:00:00-07:00,4440.5
2023-06-29 19:15:00-07:00,4439.75
2023-06-29 19:30:00-07:00,4440.5
2023-06-29 19:45:00-07:00,4439.0
2023-06-29 20:00:00-07:00,4439.5
2023-06-29 20:15:00-07:00,4439.25
2023-06-29 20:30:00-07:00,4436.75
2023-06-29 20:45:00-07:00,4437.0
2023-06-29 21:00:00-07:00,4436.75
2023-06-29 21:15:00-07:00,4437.5
2023-06-29 21:30:00-07:00,4437.0
2023-06-29 21:45:00-07:00,4437.75
2023-06-29 22:00:00-07:00,4439.0
2023-06-29 22:15:00-07:00,4441.0
2023-06-29 22:30:00-07:00,4441.25
2023-06-29 22:45:00-07:00,4441.25
2023-06-29 23:00:00-07:00,4439.75
2023-06-29 23:15:00-07:00,4438.0
2023-06-29 23:30:00-07:00,4437.75
2023-06-29 23:45:00-07:00,4436.75
2023-06-30 00:00:00-07:00,4438.0
2023-06-30 00:15:00-07:00,4438.0
2023-06-30 00:30:00-07:00,4438.5
2023-06-30 00:45:00-07:00,4440.5
2023-06-30 01:00:00-07:00,4441.75
2023-06-30 01:15:00-07:00,4441.5
2023-06-30 01:30:00-07:00,4444.75
2023-06-30 01:45:00-07:00,4445.75
2023-06-30 02:00:00-07:00,4446.75
2023-06-30 02:15:00-07:00,4449.75
2023-06-30 02:30:00-07:00,4449.5
2023-06-30 02:45:00-07:00,4449.25
2023-06-30 03:00:00-07:00,4452.0
2023-06-30 03:15:00-07:00,4451.25
2023-06-30 03:30:00-07:00,4453.5
2023-06-30 03:45:00-07:00,4453.25
2023-06-30 04:00:00-07:00,4452.5
2023-06-30 04:15:00-07:00,4451.5
2023-06-30 04:30:00-07:00,4451.5
2023-06-30 04:45:00-07:00,4451.25
2023-06-30 05:00:00-07:00,4453.75
2023-06-30 05:15:00-07:00,4453.5
2023-06-30 05:30:00-07:00,4463.5
2023-06-30 05:45:00-07:00,4464.25
2023-06-30 06:00:00-07:00,4469.75
2023-06-30 06:15:00-07:00,4468.25
2023-06-30 06:30:00-07:00,4476.5
2023-06-30 06:45:00-07:00,4477.75
2023-06-30 07:00:00-07:00,4482.5
2023-06-30 07:15:00-07:00,4484.25
2023-06-30 07:30:00-07:00,4479.75
2023-06-30 07:45:00-07:00,4481.0
2023-06-30 08:00:00-07:00,4484.0
2023-06-30 08:15:00-07:00,4481.25
2023-06-30 08:30:00-07:00,4474.75
2023-06-30 08:45:00-07:00,4478.5
2023-06-30 09:00:00-07:00,4479.25
2023-06-30 09:15:00-07:00,4485.0
2023-06-30 09:30:00-07:00,4485.0
2023-06-30 09:45:00-07:00,4489.5
2023-06-30 10:00:00-07:00,4488.75
2023-06-30 10:15:00-07:00,4489.75
2023-06-30 10:30:00-07:00,4490.0
2023-06-30 10:45:00-07:00,4492.75
2023-06-30 11:00:00-07:00,4492.0
2023-06-30 11:15:00-07:00,4495.5
2023-06-30 11:30:00-07:00,4495.0
2023-06-30 11:45:00-07:00,4493.5
2023-06-30 12:00:00-07:00,4495.0
2023-06-30 12:15:00-07:00,4495.0
2023-06-30 12:30:00-07:00,4493.75
2023-06-30 12:45:00-07:00,4486.25
2023-06-30 13:00:00-07:00,4483.25
2023-06-30 13:15:00-07:00,4482.0
2023-06-30 13:30:00-07:00,4482.25
2023-06-30 13:45:00-07:00,4482.5
2023-06-30 14:00:00-07:00,4482.5
2023-06-30 14:15:00-07:00,4482.5
2023-06-30 14:30:00-07:00,4482.5
2023-06-30 14:45:00-07:00,4482.5
2023-06-30 15:00:00-07:00,4482.5
2023-06-30 15:15:00-07:00,4482.5
2023-06-30 15:30:00-07:00,4482.5
2023-06-30 15:45:00-07:00,4482.5
2023-06-30 16:00:00-07:00,4482.5
2023-06-30 16:15:00-07:00,4482.5
2023-06-30 16:30:00-07:00,4482.5
2023-06-30 16:45:00-07:00,4482.5
2023-06-30 17:00:00-07:00,4482.5
2023-06-30 17:15:00-07:00,4482.5
2023-06-30 17:30:00-07:00,4482.5
2023-06-30 17:45:00-07:00,4482.5
2023-06-30 18:00:00-07:00,4482.5
2023-06-30 18:15:00-07:00,4482.5
2023-06-30 18:30:00-07:00,4482.5
2023-06-30 18:45:00-07:00,4482.5
2023-06-30 19:00:00-07:00,4482.5
2023-06-30 19:15:00-07:00,4482.5
2023-06-30 19:30:00-07:00,4482.5
2023-06-30 19:45:00-07:00,4482.5
2023-06-30 20:00:00-07:00,4482.5
2023-06-30 20:15:00-07:00,4482.5
2023-06-30 20:30:00-07:00,4482.5
2023-06-30 20:45:00-07:00,4482.5
2023-06-30 21:00:00-07:00,4482.5
2023-06-30 21:15:00-07:00,4482.5
2023-06-30 21:30:00-07:00,4482.5
2023-06-30 21:45:00-07:00,4482.5
2023-06-30 22:00:00-07:00,4482.5
2023-06-30 22:15:00-07:00,4482.5
2023-06-30 22:30:00-07:00,4482.5
2023-06-30 22:45:00-07:00,4482.5
2023-06-30 23:00:00-07:00,4482.5
2023-06-30 23:15:00-07:00,4482.5
2023-06-30 23:30:00-07:00,4482.5
2023-06-30 23:45:00-07:00,4482.5
